<ImportExportXml version="9.2.26014.158" SolutionPackageVersion="9.2" languagecode="1033" generatedBy="CrmLive" xmlns:xsi="http://www.w3.org/2001/XMLSchema-instance" OrganizationVersion="9.2.26014.158" OrganizationSchemaType="Standard" CRMServerServiceabilityVersion="9.2.26014.00158">
  <SolutionManifest>
    <UniqueName>PharmaTrack360_Core</UniqueName>
    <LocalizedNames>
      <LocalizedName description="PharmaTrack360_Core" languagecode="1033" />
    </LocalizedNames>
    <Descriptions />
    <Version>1.0.0.0</Version>
    <Managed>1</Managed>
    <Publisher>
      <UniqueName>PharmaTrack</UniqueName>
      <LocalizedNames>
        <LocalizedName description="PharmaTrack" languagecode="1033" />
      </LocalizedNames>
      <Descriptions />
      <EMailAddress xsi:nil="true"></EMailAddress>
      <SupportingWebsiteUrl xsi:nil="true"></SupportingWebsiteUrl>
      <CustomizationPrefix>pharma</CustomizationPrefix>
      <CustomizationOptionValuePrefix>54035</CustomizationOptionValuePrefix>
      <Addresses>
        <Address>
          <AddressNumber>1</AddressNumber>
          <AddressTypeCode>1</AddressTypeCode>
          <City xsi:nil="true"></City>
          <County xsi:nil="true"></County>
          <Country xsi:nil="true"></Country>
          <Fax xsi:nil="true"></Fax>
          <FreightTermsCode xsi:nil="true"></FreightTermsCode>
          <ImportSequenceNumber xsi:nil="true"></ImportSequenceNumber>
          <Latitude xsi:nil="true"></Latitude>
          <Line1 xsi:nil="true"></Line1>
          <Line2 xsi:nil="true"></Line2>
          <Line3 xsi:nil="true"></Line3>
          <Longitude xsi:nil="true"></Longitude>
          <Name xsi:nil="true"></Name>
          <PostalCode xsi:nil="true"></PostalCode>
          <PostOfficeBox xsi:nil="true"></PostOfficeBox>
          <PrimaryContactName xsi:nil="true"></PrimaryContactName>
          <ShippingMethodCode>1</ShippingMethodCode>
          <StateOrProvince xsi:nil="true"></StateOrProvince>
          <Telephone1 xsi:nil="true"></Telephone1>
          <Telephone2 xsi:nil="true"></Telephone2>
          <Telephone3 xsi:nil="true"></Telephone3>
          <TimeZoneRuleVersionNumber xsi:nil="true"></TimeZoneRuleVersionNumber>
          <UPSZone xsi:nil="true"></UPSZone>
          <UTCOffset xsi:nil="true"></UTCOffset>
          <UTCConversionTimeZoneCode xsi:nil="true"></UTCConversionTimeZoneCode>
        </Address>
        <Address>
          <AddressNumber>2</AddressNumber>
          <AddressTypeCode>1</AddressTypeCode>
          <City xsi:nil="true"></City>
          <County xsi:nil="true"></County>
          <Country xsi:nil="true"></Country>
          <Fax xsi:nil="true"></Fax>
          <FreightTermsCode xsi:nil="true"></FreightTermsCode>
          <ImportSequenceNumber xsi:nil="true"></ImportSequenceNumber>
          <Latitude xsi:nil="true"></Latitude>
          <Line1 xsi:nil="true"></Line1>
          <Line2 xsi:nil="true"></Line2>
          <Line3 xsi:nil="true"></Line3>
          <Longitude xsi:nil="true"></Longitude>
          <Name xsi:nil="true"></Name>
          <PostalCode xsi:nil="true"></PostalCode>
          <PostOfficeBox xsi:nil="true"></PostOfficeBox>
          <PrimaryContactName xsi:nil="true"></PrimaryContactName>
          <ShippingMethodCode>1</ShippingMethodCode>
          <StateOrProvince xsi:nil="true"></StateOrProvince>
          <Telephone1 xsi:nil="true"></Telephone1>
          <Telephone2 xsi:nil="true"></Telephone2>
          <Telephone3 xsi:nil="true"></Telephone3>
          <TimeZoneRuleVersionNumber xsi:nil="true"></TimeZoneRuleVersionNumber>
          <UPSZone xsi:nil="true"></UPSZone>
          <UTCOffset xsi:nil="true"></UTCOffset>
          <UTCConversionTimeZoneCode xsi:nil="true"></UTCConversionTimeZoneCode>
        </Address>
      </Addresses>
    </Publisher>
    <RootComponents>
      <RootComponent type="1" schemaName="account" behavior="2" />
      <RootComponent type="1" schemaName="appointment" behavior="2" />
      <RootComponent type="1" schemaName="contact" behavior="2" />
      <RootComponent type="1" schemaName="customeraddress" behavior="2" />
      <RootComponent type="1" schemaName="email" behavior="2" />
      <RootComponent type="1" schemaName="pharma_calllog" behavior="0" />
      <RootComponent type="1" schemaName="pharma_commissionrule" behavior="0" />
      <RootComponent type="1" schemaName="pharma_compliancelog" behavior="0" />
      <RootComponent type="1" schemaName="pharma_integrationlog" behavior="0" />
      <RootComponent type="1" schemaName="pharma_inventorybatches" behavior="0" />
      <RootComponent type="1" schemaName="pharma_inventorysnapshot" behavior="0" />
      <RootComponent type="1" schemaName="pharma_inventorytransactiontable" behavior="0" />
      <RootComponent type="1" schemaName="pharma_opportunity" behavior="0" />
      <RootComponent type="1" schemaName="pharma_opportunityline" behavior="0" />
      <RootComponent type="1" schemaName="pharma_product" behavior="0" />
      <RootComponent type="1" schemaName="pharma_purchaseorder" behavior="0" />
      <RootComponent type="1" schemaName="pharma_purchaseorderlineitem" behavior="0" />
      <RootComponent type="1" schemaName="pharma_quotatarget" behavior="0" />
      <RootComponent type="1" schemaName="pharma_salesopportunitiestocommissions" behavior="1" />
      <RootComponent type="1" schemaName="pharma_salesrep" behavior="0" />
      <RootComponent type="1" schemaName="pharma_samplerequest" behavior="0" />
      <RootComponent type="1" schemaName="pharma_supplier" behavior="0" />
      <RootComponent type="1" schemaName="pharma_territory" behavior="0" />
      <RootComponent type="1" schemaName="phonecall" behavior="2" />
      <RootComponent type="1" schemaName="systemuser" behavior="1" />
      <RootComponent type="9" schemaName="pharma_accountstatus" behavior="0" />
      <RootComponent type="9" schemaName="pharma_accounttype" behavior="0" />
      <RootComponent type="9" schemaName="pharma_approvalstatus" behavior="0" />
      <RootComponent type="9" schemaName="pharma_iskeycontact" behavior="0" />
      <RootComponent type="9" schemaName="pharma_orderstatus" behavior="0" />
      <RootComponent type="9" schemaName="pharma_paymentterms" behavior="0" />
      <RootComponent type="9" schemaName="pharma_pharmasegment" behavior="0" />
      <RootComponent type="9" schemaName="pharma_productcategory" behavior="0" />
      <RootComponent type="9" schemaName="pharma_region" behavior="0" />
      <RootComponent type="9" schemaName="pharma_role" behavior="0" />
      <RootComponent type="9" schemaName="pharma_speciality" behavior="0" />
      <RootComponent type="9" schemaName="pharma_tierlevel" behavior="0" />
      <RootComponent type="9" schemaName="pharma_transactiontype" behavior="0" />
      <RootComponent type="29" id="{02f75470-310f-f111-8406-7ced8d7608a8}" behavior="0" />
      <RootComponent type="29" id="{09b78ebd-4efc-f011-8406-002248a08132}" behavior="0" />
      <RootComponent type="29" id="{25eb97d3-3e07-f111-8406-002248a2149c}" behavior="0" />
      <RootComponent type="29" id="{378ddcdc-320f-f111-8406-7ced8d7608a8}" behavior="0" />
      <RootComponent type="29" id="{4ce109c9-970d-f111-8406-7ced8d7608a8}" behavior="0" />
      <RootComponent type="29" id="{6cb3232e-320f-f111-8406-7ced8d7608a8}" behavior="0" />
      <RootComponent type="29" id="{9d2af397-5dff-f011-8406-7c1e5220c199}" behavior="0" />
      <RootComponent type="29" id="{a59eddcc-e2fc-f011-8406-0022489fdd64}" behavior="0" />
      <RootComponent type="29" id="{a95dcc5a-5800-f111-8406-000d3ab8539d}" behavior="0" />
      <RootComponent type="29" id="{d9bc3458-e5fc-f011-8406-0022489fdd64}" behavior="0" />
      <RootComponent type="61" schemaName="pharma_retire_batch" behavior="0" />
      <RootComponent type="61" schemaName="pharma_togglePOLineSubgrid" behavior="0" />
      <RootComponent type="62" schemaName="pharma_PharmaTrack" behavior="0" />
      <RootComponent type="70" id="{95fb01a9-83e8-f011-8407-6045bddcfef9}" behavior="0" />
      <RootComponent type="80" schemaName="pharma_PharmaTrack" behavior="0" />
      <RootComponent type="300" schemaName="pharma_pharmatrackdefaultcommandlibrary_d022d" behavior="0" />
      <RootComponent type="401" id="{970046e6-0549-4788-856d-f113d360e114}" behavior="0" />
    </RootComponents>
    <MissingDependencies>
      <MissingDependency>
        <Required type="1" schemaName="pharma_salesopportunitiestocommissions" displayName="Sales opportunities to commissions" solution="Active" />
        <Dependent type="1" schemaName="pharma_salesopportunitiestocommissions" displayName="Sales opportunities to commissions" />
      </MissingDependency>
      <MissingDependency>
        <Required type="2" schemaName="bells_contacttype" displayName="Contact Type" parentSchemaName="account" parentDisplayName="Account" solution="Active" />
        <Dependent type="60" displayName="Account" parentDisplayName="Account" id="{8448b78f-8f42-454e-8e2a-f8196b0419af}" />
      </MissingDependency>
      <MissingDependency>
        <Required type="2" schemaName="bells_email" displayName="Email" parentSchemaName="bells_landlord" parentDisplayName="Landlord" solution="Active" />
        <Dependent type="70" displayName="Landlord manager" id="{95fb01a9-83e8-f011-8407-6045bddcfef9}" />
      </MissingDependency>
      <MissingDependency>
        <Required type="2" schemaName="bells_contacttype" displayName="Contact Type" parentSchemaName="contact" parentDisplayName="Contact" solution="Active" />
        <Dependent type="60" displayName="Contact" parentDisplayName="Contact" id="{1fed44d1-ae68-4a41-bd2b-f13acac4acfa}" />
      </MissingDependency>
      <MissingDependency>
        <Required type="60" displayName="Contact" parentDisplayName="Contact" solution="msdynce_AppCommon (9.0.4.0066)" id="{1fed44d1-ae68-4a41-bd2b-f13acac4acfa}">
          <package appName="msdynce_AppCommon" version="9.0.26014.10001">msdynce_AppCommonAnchor (9.0.26014.10001)</package>
        </Required>
        <Dependent type="60" displayName="Contact" parentDisplayName="Contact" id="{1fed44d1-ae68-4a41-bd2b-f13acac4acfa}" />
      </MissingDependency>
      <MissingDependency>
        <Required type="60" displayName="account contact card" parentDisplayName="Contact" solution="msdynce_AppCommon (9.0.4.0066)" id="{29de27bc-a257-4f29-99cf-bab4a84e688f}">
          <package appName="msdynce_AppCommon" version="9.0.26014.10001">msdynce_AppCommonAnchor (9.0.26014.10001)</package>
        </Required>
        <Dependent type="60" displayName="Account" parentDisplayName="Account" id="{8448b78f-8f42-454e-8e2a-f8196b0419af}" />
      </MissingDependency>
      <MissingDependency>
        <Required type="60" displayName="account contact card" parentDisplayName="Contact" solution="msdynce_AppCommon (9.0.4.0066)" id="{29de27bc-a257-4f29-99cf-bab4a84e688f}">
          <package appName="msdynce_AppCommon" version="9.0.26014.10001">msdynce_AppCommonAnchor (9.0.26014.10001)</package>
        </Required>
        <Dependent type="60" displayName="Account for Interactive experience" parentDisplayName="Account" id="{a72c7955-442b-4ea4-9499-b10cd18b4256}" />
      </MissingDependency>
      <MissingDependency>
        <Required type="60" displayName="Account" parentDisplayName="Account" solution="msdynce_AppCommon (9.0.4.0066)" id="{8448b78f-8f42-454e-8e2a-f8196b0419af}">
          <package appName="msdynce_AppCommon" version="9.0.26014.10001">msdynce_AppCommonAnchor (9.0.26014.10001)</package>
        </Required>
        <Dependent type="60" displayName="Account" parentDisplayName="Account" id="{8448b78f-8f42-454e-8e2a-f8196b0419af}" />
      </MissingDependency>
      <MissingDependency>
        <Required type="60" displayName="Account for Interactive experience" parentDisplayName="Account" solution="msdynce_AppCommon (9.0.4.0066)" id="{a72c7955-442b-4ea4-9499-b10cd18b4256}">
          <package appName="msdynce_AppCommon" version="9.0.26014.10001">msdynce_AppCommonAnchor (9.0.26014.10001)</package>
        </Required>
        <Dependent type="60" displayName="Account for Interactive experience" parentDisplayName="Account" id="{a72c7955-442b-4ea4-9499-b10cd18b4256}" />
      </MissingDependency>
      <MissingDependency>
        <Required type="60" displayName="Information" parentDisplayName="Account" solution="msdynce_AppCommon (9.0.4.0066)" id="{b053a39a-041a-4356-acef-ddf00182762b}">
          <package appName="msdynce_AppCommon" version="9.0.26014.10001">msdynce_AppCommonAnchor (9.0.26014.10001)</package>
        </Required>
        <Dependent type="60" displayName="Information" parentDisplayName="Account" id="{b053a39a-041a-4356-acef-ddf00182762b}" />
      </MissingDependency>
      <MissingDependency>
        <Required type="61" schemaName="AppCommon/Account/Account_main_system_library.js" displayName="AppCommon/Account/Account_main_system_library.js" solution="msdynce_AppCommon (9.0.4.0066)">
          <package appName="msdynce_AppCommon" version="9.0.26014.10001">msdynce_AppCommonAnchor (9.0.26014.10001)</package>
        </Required>
        <Dependent type="60" displayName="Account" parentDisplayName="Account" id="{8448b78f-8f42-454e-8e2a-f8196b0419af}" />
      </MissingDependency>
      <MissingDependency>
        <Required type="61" schemaName="AppCommon/Account/Account_main_system_library.js" displayName="AppCommon/Account/Account_main_system_library.js" solution="msdynce_AppCommon (9.0.4.0066)">
          <package appName="msdynce_AppCommon" version="9.0.26014.10001">msdynce_AppCommonAnchor (9.0.26014.10001)</package>
        </Required>
        <Dependent type="60" displayName="Information" parentDisplayName="Account" id="{b053a39a-041a-4356-acef-ddf00182762b}" />
      </MissingDependency>
      <MissingDependency>
        <Required type="61" schemaName="bells_load_contact" displayName="bells_load_contact" solution="Active" />
        <Dependent type="60" displayName="Contact" parentDisplayName="Contact" id="{1fed44d1-ae68-4a41-bd2b-f13acac4acfa}" />
      </MissingDependency>
      <MissingDependency>
        <Required type="61" schemaName="bells_load_contactform" displayName="bells_load_contactform" solution="Active" />
        <Dependent type="60" displayName="Account" parentDisplayName="Account" id="{8448b78f-8f42-454e-8e2a-f8196b0419af}" />
      </MissingDependency>
      <MissingDependency>
        <Required type="61" schemaName="bells_populatename" displayName="bells_populatename" solution="Active" />
        <Dependent type="60" displayName="Account" parentDisplayName="Account" id="{8448b78f-8f42-454e-8e2a-f8196b0419af}" />
      </MissingDependency>
      <MissingDependency>
        <Required type="61" schemaName="msdyn_/Images/AppModule_Default_Icon.png" displayName="msdyn_/Images/AppModule_Default_Icon.png" solution="AppModuleWebResources (2.5)">
          <package appName="AppModule Web Resources Package" version="2.5">AppModuleWebResources (2.5)</package>
        </Required>
        <Dependent type="80" schemaName="pharma_PharmaTrack" displayName="PharmaTrack" />
      </MissingDependency>
      <MissingDependency>
        <Required type="66" schemaName="Microsoft.PowerApps.PowerAppsOneGrid" displayName="Microsoft.PowerApps.PowerAppsOneGrid" solution="BaseCustomControlsCore (9.0.2601.4009)">
          <package appName="Base Custom Controls" version="9.0.2601.4009">BaseCustomControlsCore (9.0.2601.4009)</package>
        </Required>
        <Dependent type="26" schemaName="Active PurchaseOrders" displayName="Active PurchaseOrders" parentSchemaName="pharma_purchaseorder" parentDisplayName="PurchaseOrder" id="{1e47f310-3df2-4189-987b-223cd1c2ead1}" />
      </MissingDependency>
      <MissingDependency>
        <Required type="66" schemaName="MscrmControls.CardFeedContainer.CardFeedContainer" displayName="MscrmControls.CardFeedContainer.CardFeedContainer" solution="BaseCustomControlsCore (9.0.2601.4009)">
          <package appName="Base Custom Controls" version="9.0.2601.4009">BaseCustomControlsCore (9.0.2601.4009)</package>
        </Required>
        <Dependent type="60" displayName="Contact" parentDisplayName="Contact" id="{1fed44d1-ae68-4a41-bd2b-f13acac4acfa}" />
      </MissingDependency>
      <MissingDependency>
        <Required type="66" schemaName="MscrmControls.CardFeedContainer.CardFeedContainer" displayName="MscrmControls.CardFeedContainer.CardFeedContainer" solution="BaseCustomControlsCore (9.0.2601.4009)">
          <package appName="Base Custom Controls" version="9.0.2601.4009">BaseCustomControlsCore (9.0.2601.4009)</package>
        </Required>
        <Dependent type="60" displayName="Account" parentDisplayName="Account" id="{8448b78f-8f42-454e-8e2a-f8196b0419af}" />
      </MissingDependency>
      <MissingDependency>
        <Required type="connectionreference" displayName="cr981_expenseTracker.shared_commondataserviceforapps.16ec2424f3e941859b7c1c78d1174c06" solution="Active" id.connectionreferencelogicalname="cr981_expenseTracker.shared_commondataserviceforapps.16ec2424f3e941859b7c1c78d1174c06" />
        <Dependent type="29" displayName="Drug Expiration Notification" id="{09b78ebd-4efc-f011-8406-002248a08132}" />
      </MissingDependency>
      <MissingDependency>
        <Required type="connectionreference" displayName="cr981_expenseTracker.shared_commondataserviceforapps.16ec2424f3e941859b7c1c78d1174c06" solution="Active" id.connectionreferencelogicalname="cr981_expenseTracker.shared_commondataserviceforapps.16ec2424f3e941859b7c1c78d1174c06" />
        <Dependent type="29" displayName="Deactivate expired drugs batches" id="{9d2af397-5dff-f011-8406-7c1e5220c199}" />
      </MissingDependency>
      <MissingDependency>
        <Required type="connectionreference" displayName="cr981_expenseTracker.shared_commondataserviceforapps.16ec2424f3e941859b7c1c78d1174c06" solution="Active" id.connectionreferencelogicalname="cr981_expenseTracker.shared_commondataserviceforapps.16ec2424f3e941859b7c1c78d1174c06" />
        <Dependent type="29" displayName="Remove expired products" id="{a95dcc5a-5800-f111-8406-000d3ab8539d}" />
      </MissingDependency>
      <MissingDependency>
        <Required type="connectionreference" displayName="new_sharedoutlook_c5585" solution="Active" id.connectionreferencelogicalname="new_sharedoutlook_c5585" />
        <Dependent type="29" displayName="Drug Expiration Notification" id="{09b78ebd-4efc-f011-8406-002248a08132}" />
      </MissingDependency>
      <MissingDependency>
        <Required type="connectionreference" displayName="new_sharedoutlook_c5585" solution="Active" id.connectionreferencelogicalname="new_sharedoutlook_c5585" />
        <Dependent type="29" displayName="Remove expired products" id="{a95dcc5a-5800-f111-8406-000d3ab8539d}" />
      </MissingDependency>
      <MissingDependency>
        <Required type="DVTableSearch" solution="Active" id="{ae5c29bc-26bb-f011-bbd2-7ced8d75b1c8}" />
        <Dependent type="DVTableSearchEntity" id="{0244e2b9-5eff-f011-8406-000d3ab2446f}" />
      </MissingDependency>
      <MissingDependency>
        <Required type="DVTableSearch" solution="Active" id="{ae5c29bc-26bb-f011-bbd2-7ced8d75b1c8}" />
        <Dependent type="DVTableSearchEntity" id="{0544e2b9-5eff-f011-8406-000d3ab2446f}" />
      </MissingDependency>
      <MissingDependency>
        <Required type="DVTableSearch" solution="Active" id="{ae5c29bc-26bb-f011-bbd2-7ced8d75b1c8}" />
        <Dependent type="DVTableSearchEntity" id="{57283a4e-f10f-f111-8406-6045bdde2764}" />
      </MissingDependency>
      <MissingDependency>
        <Required type="DVTableSearch" solution="Active" id="{ae5c29bc-26bb-f011-bbd2-7ced8d75b1c8}" />
        <Dependent type="DVTableSearchEntity" id="{ae35d8a9-380f-f111-8406-7ced8d47f6a5}" />
      </MissingDependency>
      <MissingDependency>
        <Required type="DVTableSearch" solution="Active" id="{ae5c29bc-26bb-f011-bbd2-7ced8d75b1c8}" />
        <Dependent type="DVTableSearchEntity" id="{f943e2b9-5eff-f011-8406-000d3ab2446f}" />
      </MissingDependency>
      <MissingDependency>
        <Required type="DVTableSearch" solution="Active" id="{ae5c29bc-26bb-f011-bbd2-7ced8d75b1c8}" />
        <Dependent type="DVTableSearchEntity" id="{fc43e2b9-5eff-f011-8406-000d3ab2446f}" />
      </MissingDependency>
      <MissingDependency>
        <Required type="DVTableSearch" solution="Active" id="{ae5c29bc-26bb-f011-bbd2-7ced8d75b1c8}" />
        <Dependent type="DVTableSearchEntity" id="{ff43e2b9-5eff-f011-8406-000d3ab2446f}" />
      </MissingDependency>
      <MissingDependency>
        <Required type="SettingDefinition" displayName="AppChannel" solution="msdyn_AppFrameworkInfraExtensions (1.0.0.15)" id.uniquename="AppChannel">
          <package appName="PowerAppsAppFramework Package" version="1.0.0.25">PowerAppsAppFramework_Anchor (1.0.0.25)</package>
        </Required>
        <Dependent type="AppSetting" displayName="parentappmoduleid.uniquename=pharma_PharmaTrack,settingdefinitionid.uniquename=AppChannel" id.parentappmoduleid.uniquename="pharma_PharmaTrack" id.settingdefinitionid.uniquename="AppChannel" />
      </MissingDependency>
    </MissingDependencies>
  </SolutionManifest>
</ImportExportXml>