{
  "properties": {
    "connectionReferences": {
      "shared_commondataserviceforapps-1": {
        "api": {
          "name": "shared_commondataserviceforapps"
        },
        "connection": {
          "connectionReferenceLogicalName": "new_sharedcommondataserviceforapps_35cba"
        },
        "runtimeSource": "embedded"
      },
      "shared_outlook": {
        "api": {
          "name": "shared_outlook"
        },
        "connection": {
          "connectionReferenceLogicalName": "new_sharedoutlook_c5585"
        },
        "runtimeSource": "embedded"
      }
    },
    "definition": {
      "$schema": "https://schema.management.azure.com/providers/Microsoft.Logic/schemas/2016-06-01/workflowdefinition.json#",
      "contentVersion": "1.0.0.0",
      "parameters": {
        "$authentication": {
          "defaultValue": {},
          "type": "SecureObject"
        },
        "$connections": {
          "defaultValue": {},
          "type": "Object"
        }
      },
      "triggers": {
        "When_an_action_is_performed": {
          "type": "OpenApiConnectionWebhook",
          "inputs": {
            "parameters": {
              "catalog": "allcatalog",
              "category": "allcategory",
              "subscriptionRequest/entityname": "none",
              "subscriptionRequest/sdkmessagename": "pharma_SendBatchNotification"
            },
            "host": {
              "apiId": "/providers/Microsoft.PowerApps/apis/shared_commondataserviceforapps",
              "operationId": "BusinessEventsTrigger",
              "connectionName": "shared_commondataserviceforapps-1"
            }
          },
          "metadata": {
            "operationMetadataId": "a3e756e9-40af-4872-a36c-9c682bc66190"
          }
        }
      },
      "actions": {
        "Send_an_email_(V2)": {
          "type": "OpenApiConnection",
          "inputs": {
            "parameters": {
              "emailMessage/To": "busayosamuelg2016@gmail.com",
              "emailMessage/Subject": "Notification of expired products",
              "emailMessage/Body": "\n\n\n    <meta>\n    <meta>\n    <title>Expired Products Alert</title>\n    <style>\n        @import url('https://fonts.googleapis.com/css2?family=JetBrains+Mono:wght@400;700&family=Inter:wght@400;600;700&display=swap');\n        \n        * {\n            margin: 0;\n            padding: 0;\n            box-sizing: border-box;\n        }\n        \n        body {\n            font-family: 'Inter', -apple-system, BlinkMacSystemFont, sans-serif;\n            background: #f5f5f5;\n            padding: 40px 20px;\n            color: #1a1a1a;\n        }\n        \n        .email-container {\n            max-width: 600px;\n            margin: 0 auto;\n            background: #ffffff;\n            border-radius: 8px;\n            overflow: hidden;\n            box-shadow: 0 4px 20px rgba(0, 0, 0, 0.08);\n        }\n        \n        .header {\n            background: linear-gradient(135deg, #dc2626 0%, #991b1b 100%);\n            padding: 40px 35px;\n            position: relative;\n        }\n        \n        .alert-badge {\n            display: inline-flex;\n            align-items: center;\n            gap: 8px;\n            background: rgba(255, 255, 255, 0.2);\n            padding: 8px 16px;\n            border-radius: 20px;\n            margin-bottom: 16px;\n        }\n        \n        .alert-icon {\n            width: 20px;\n            height: 20px;\n            background: #ffffff;\n            border-radius: 50%;\n            display: flex;\n            align-items: center;\n            justify-content: center;\n        }\n        \n        .alert-icon svg {\n            width: 12px;\n            height: 12px;\n            fill: #dc2626;\n        }\n        \n        .alert-badge span {\n            color: #ffffff;\n            font-size: 13px;\n            font-weight: 600;\n            text-transform: uppercase;\n            letter-spacing: 0.5px;\n        }\n        \n        .header h1 {\n            font-size: 24px;\n            font-weight: 700;\n            color: #ffffff;\n            margin-bottom: 8px;\n        }\n        \n        .header p {\n            color: rgba(255, 255, 255, 0.9);\n            font-size: 14px;\n        }\n        \n        .content {\n            padding: 35px;\n        }\n        \n        .summary {\n            background: #fef2f2;\n            border-left: 4px solid #dc2626;\n            padding: 20px;\n            margin-bottom: 30px;\n            border-radius: 4px;\n        }\n        \n        .summary-title {\n            font-size: 14px;\n            font-weight: 700;\n            color: #dc2626;\n            margin-bottom: 10px;\n            text-transform: uppercase;\n            letter-spacing: 0.5px;\n        }\n        \n        .summary-text {\n            font-family: 'JetBrains Mono', monospace;\n            font-size: 15px;\n            color: #1a1a1a;\n            line-height: 1.6;\n        }\n        \n        .batch-count {\n            font-weight: 700;\n            color: #dc2626;\n        }\n        \n        .section-title {\n            font-size: 16px;\n            font-weight: 700;\n            color: #1a1a1a;\n            margin-bottom: 16px;\n            padding-bottom: 10px;\n            border-bottom: 2px solid #f0f0f0;\n        }\n        \n        .batch-list {\n            background: #f9fafb;\n            padding: 20px;\n            border-radius: 4px;\n            margin-bottom: 30px;\n        }\n        \n        .batch-list p {\n            font-family: 'JetBrains Mono', monospace;\n            font-size: 13px;\n            color: #374151;\n            line-height: 1.8;\n            word-break: break-word;\n        }\n        \n        .info-box {\n            background: #fffbeb;\n            border: 1px solid #fde68a;\n            padding: 16px;\n            border-radius: 4px;\n            margin-bottom: 25px;\n        }\n        \n        .info-box p {\n            font-size: 14px;\n            color: #92400e;\n            line-height: 1.5;\n        }\n        \n        .timestamp {\n            font-size: 13px;\n            color: #6b7280;\n            padding: 15px 0;\n            border-top: 1px solid #e5e7eb;\n            margin-top: 20px;\n        }\n        \n        .footer {\n            background: #f9fafb;\n            padding: 25px 35px;\n            border-top: 1px solid #e5e7eb;\n        }\n        \n        .footer p {\n            font-size: 12px;\n            color: #6b7280;\n            line-height: 1.6;\n        }\n        \n        .footer-brand {\n            font-weight: 600;\n            color: #1a1a1a;\n            margin-bottom: 8px;\n        }\n        \n        @media only screen and (max-width: 600px) {\n            body {\n                padding: 20px 10px;\n            }\n            \n            .header,\n            .content,\n            .footer {\n                padding: 25px 20px;\n            }\n            \n            .header h1 {\n                font-size: 20px;\n            }\n        }\n    </style>\n\n\n    <div class=\"email-container\">\n        <!-- Header -->\n        <div class=\"header\">\n            <div class=\"alert-badge\">\n                <div class=\"alert-icon\">\n                    <svg>\n                        <path></path>\n                    </svg>\n                </div>\n                Expired Products\n            </div>\n            <h1>Batch Deactivation Notice</h1>\n            <p>Products have been automatically deactivated</p>\n        </div>\n        \n        <!-- Content -->\n        <div class=\"content\">\n          \n         \n            <!-- Batch List -->\n            <h2 class=\"section-title\">Deactivated Batches</h2>\n            <div class=\"batch-list\">\n                <p id=\"batchList\">@{triggerOutputs()?['body/InputParameters/NotificationDetails']}</p>\n            </div>\n            \n            <!-- Info Box -->\n            <div class=\"info-box\">\n                <p><strong>Note:</strong> These batches have been automatically deactivated due to expiration. Please coordinate removal from the warehouse inventory.</p>\n            </div>\n            \n            <!-- Timestamp -->\n            <div class=\"timestamp\" id=\"timestamp\">\n                Report generated on @{formatDateTime(utcNow(),'MMMM d, yyyy')}\n            </div>\n        </div>\n        \n        <!-- Footer -->\n        <div class=\"footer\">\n            <p class=\"footer-brand\">Warehouse Management System</p>\n            <p>This is an automated notification. Please do not reply to this email.</p>\n        </div>\n    </div>\n\n",
              "emailMessage/Importance": "Normal"
            },
            "host": {
              "apiId": "/providers/Microsoft.PowerApps/apis/shared_outlook",
              "operationId": "SendEmailV2",
              "connectionName": "shared_outlook"
            }
          },
          "runAfter": {},
          "metadata": {
            "operationMetadataId": "7adb8674-138f-40c0-b1e6-db17887a9615"
          }
        }
      }
    },
    "templateName": null
  },
  "schemaVersion": "1.0.0.0"
}