<ImportExportXml version="9.2.26014.158" SolutionPackageVersion="9.2" languagecode="1033" generatedBy="CrmLive" xmlns:xsi="http://www.w3.org/2001/XMLSchema-instance" OrganizationVersion="9.2.26014.158" OrganizationSchemaType="Standard" CRMServerServiceabilityVersion="9.2.26021.00149">
  <SolutionManifest>
    <UniqueName>PharmaTrack360_Core</UniqueName>
    <LocalizedNames>
      <LocalizedName description="PharmaTrack360_Core" languagecode="1033" />
    </LocalizedNames>
    <Descriptions>
      <Description description="Upgrade of PharmaTrack360_Core" languagecode="1033" />
    </Descriptions>
    <Version>1.2.0.3</Version>
    <Managed>0</Managed>
    <Publisher>
      <UniqueName>PharmaTrack</UniqueName>
      <LocalizedNames>
        <LocalizedName description="PharmaTrack" languagecode="1033" />
      </LocalizedNames>
      <Descriptions />
      <EMailAddress xsi:nil="true"></EMailAddress>
      <SupportingWebsiteUrl xsi:nil="true"></SupportingWebsiteUrl>
      <CustomizationPrefix>pharma</CustomizationPrefix>
      <CustomizationOptionValuePrefix>54035</CustomizationOptionValuePrefix>
      <Addresses>
        <Address>
          <AddressNumber>1</AddressNumber>
          <AddressTypeCode>1</AddressTypeCode>
          <City xsi:nil="true"></City>
          <County xsi:nil="true"></County>
          <Country xsi:nil="true"></Country>
          <Fax xsi:nil="true"></Fax>
          <FreightTermsCode xsi:nil="true"></FreightTermsCode>
          <ImportSequenceNumber xsi:nil="true"></ImportSequenceNumber>
          <Latitude xsi:nil="true"></Latitude>
          <Line1 xsi:nil="true"></Line1>
          <Line2 xsi:nil="true"></Line2>
          <Line3 xsi:nil="true"></Line3>
          <Longitude xsi:nil="true"></Longitude>
          <Name xsi:nil="true"></Name>
          <PostalCode xsi:nil="true"></PostalCode>
          <PostOfficeBox xsi:nil="true"></PostOfficeBox>
          <PrimaryContactName xsi:nil="true"></PrimaryContactName>
          <ShippingMethodCode>1</ShippingMethodCode>
          <StateOrProvince xsi:nil="true"></StateOrProvince>
          <Telephone1 xsi:nil="true"></Telephone1>
          <Telephone2 xsi:nil="true"></Telephone2>
          <Telephone3 xsi:nil="true"></Telephone3>
          <TimeZoneRuleVersionNumber xsi:nil="true"></TimeZoneRuleVersionNumber>
          <UPSZone xsi:nil="true"></UPSZone>
          <UTCOffset xsi:nil="true"></UTCOffset>
          <UTCConversionTimeZoneCode xsi:nil="true"></UTCConversionTimeZoneCode>
        </Address>
        <Address>
          <AddressNumber>2</AddressNumber>
          <AddressTypeCode>1</AddressTypeCode>
          <City xsi:nil="true"></City>
          <County xsi:nil="true"></County>
          <Country xsi:nil="true"></Country>
          <Fax xsi:nil="true"></Fax>
          <FreightTermsCode xsi:nil="true"></FreightTermsCode>
          <ImportSequenceNumber xsi:nil="true"></ImportSequenceNumber>
          <Latitude xsi:nil="true"></Latitude>
          <Line1 xsi:nil="true"></Line1>
          <Line2 xsi:nil="true"></Line2>
          <Line3 xsi:nil="true"></Line3>
          <Longitude xsi:nil="true"></Longitude>
          <Name xsi:nil="true"></Name>
          <PostalCode xsi:nil="true"></PostalCode>
          <PostOfficeBox xsi:nil="true"></PostOfficeBox>
          <PrimaryContactName xsi:nil="true"></PrimaryContactName>
          <ShippingMethodCode>1</ShippingMethodCode>
          <StateOrProvince xsi:nil="true"></StateOrProvince>
          <Telephone1 xsi:nil="true"></Telephone1>
          <Telephone2 xsi:nil="true"></Telephone2>
          <Telephone3 xsi:nil="true"></Telephone3>
          <TimeZoneRuleVersionNumber xsi:nil="true"></TimeZoneRuleVersionNumber>
          <UPSZone xsi:nil="true"></UPSZone>
          <UTCOffset xsi:nil="true"></UTCOffset>
          <UTCConversionTimeZoneCode xsi:nil="true"></UTCConversionTimeZoneCode>
        </Address>
      </Addresses>
    </Publisher>
    <RootComponents>
      <RootComponent type="1" schemaName="account" behavior="2" />
      <RootComponent type="1" schemaName="actioncard" behavior="2" />
      <RootComponent type="1" schemaName="adx_externalidentity" behavior="2" />
      <RootComponent type="1" schemaName="adx_invitation" behavior="2" />
      <RootComponent type="1" schemaName="adx_inviteredemption" behavior="2" />
      <RootComponent type="1" schemaName="adx_webformsession" behavior="2" />
      <RootComponent type="1" schemaName="annotation" behavior="2" />
      <RootComponent type="1" schemaName="appointment" behavior="2" />
      <RootComponent type="1" schemaName="chat" behavior="2" />
      <RootComponent type="1" schemaName="connection" behavior="2" />
      <RootComponent type="1" schemaName="contact" behavior="2" />
      <RootComponent type="1" schemaName="customeraddress" behavior="2" />
      <RootComponent type="1" schemaName="email" behavior="2" />
      <RootComponent type="1" schemaName="fax" behavior="2" />
      <RootComponent type="1" schemaName="feedback" behavior="2" />
      <RootComponent type="1" schemaName="letter" behavior="2" />
      <RootComponent type="1" schemaName="pharma_calllog" behavior="0" />
      <RootComponent type="1" schemaName="pharma_commissionrule" behavior="0" />
      <RootComponent type="1" schemaName="pharma_compliancelog" behavior="0" />
      <RootComponent type="1" schemaName="pharma_integrationlog" behavior="0" />
      <RootComponent type="1" schemaName="pharma_inventorybatches" behavior="0" />
      <RootComponent type="1" schemaName="pharma_inventorysnapshot" behavior="0" />
      <RootComponent type="1" schemaName="pharma_inventorytransactiontable" behavior="0" />
      <RootComponent type="1" schemaName="pharma_opportunity" behavior="0" />
      <RootComponent type="1" schemaName="pharma_opportunityline" behavior="0" />
      <RootComponent type="1" schemaName="pharma_product" behavior="0" />
      <RootComponent type="1" schemaName="pharma_purchaseorder" behavior="0" />
      <RootComponent type="1" schemaName="pharma_purchaseorderlineitem" behavior="0" />
      <RootComponent type="1" schemaName="pharma_quotatarget" behavior="0" />
      <RootComponent type="1" schemaName="pharma_salesopportunitiestocommissions" behavior="0" />
      <RootComponent type="1" schemaName="pharma_salesrep" behavior="0" />
      <RootComponent type="1" schemaName="pharma_samplerequest" behavior="0" />
      <RootComponent type="1" schemaName="pharma_supplier" behavior="0" />
      <RootComponent type="1" schemaName="pharma_territory" behavior="0" />
      <RootComponent type="1" schemaName="phonecall" behavior="2" />
      <RootComponent type="1" schemaName="recurringappointmentmaster" behavior="2" />
      <RootComponent type="1" schemaName="syncerror" behavior="2" />
      <RootComponent type="1" schemaName="systemuser" behavior="1" />
      <RootComponent type="1" schemaName="task" behavior="2" />
      <RootComponent type="9" schemaName="pharma_accountstatus" behavior="0" />
      <RootComponent type="9" schemaName="pharma_accounttype" behavior="0" />
      <RootComponent type="9" schemaName="pharma_approvalstatus" behavior="0" />
      <RootComponent type="9" schemaName="pharma_iskeycontact" behavior="0" />
      <RootComponent type="9" schemaName="pharma_orderstatus" behavior="0" />
      <RootComponent type="9" schemaName="pharma_paymentterms" behavior="0" />
      <RootComponent type="9" schemaName="pharma_pharmasegment" behavior="0" />
      <RootComponent type="9" schemaName="pharma_productcategory" behavior="0" />
      <RootComponent type="9" schemaName="pharma_region" behavior="0" />
      <RootComponent type="9" schemaName="pharma_role" behavior="0" />
      <RootComponent type="9" schemaName="pharma_speciality" behavior="0" />
      <RootComponent type="9" schemaName="pharma_tierlevel" behavior="0" />
      <RootComponent type="9" schemaName="pharma_transactiontype" behavior="0" />
      <RootComponent type="29" id="{02f75470-310f-f111-8406-7ced8d7608a8}" behavior="0" />
      <RootComponent type="29" id="{09b78ebd-4efc-f011-8406-002248a08132}" behavior="0" />
      <RootComponent type="29" id="{25eb97d3-3e07-f111-8406-002248a2149c}" behavior="0" />
      <RootComponent type="29" id="{378ddcdc-320f-f111-8406-7ced8d7608a8}" behavior="0" />
      <RootComponent type="29" id="{4ce109c9-970d-f111-8406-7ced8d7608a8}" behavior="0" />
      <RootComponent type="29" id="{6cb3232e-320f-f111-8406-7ced8d7608a8}" behavior="0" />
      <RootComponent type="29" id="{9d2af397-5dff-f011-8406-7c1e5220c199}" behavior="0" />
      <RootComponent type="29" id="{a95dcc5a-5800-f111-8406-000d3ab8539d}" behavior="0" />
      <RootComponent type="61" schemaName="pharma_retire_batch" behavior="0" />
      <RootComponent type="61" schemaName="pharma_togglePOLineSubgrid" behavior="0" />
      <RootComponent type="62" schemaName="pharma_PharmaTrack" behavior="0" />
    </RootComponents>
    <MissingDependencies>
      <MissingDependency>
        <Required type="1" schemaName="adx_externalidentity" displayName="External Identity" solution="PowerPages_RuntimeCore (1.0.2509.1)">
          <package appName="Power Pages Core Package" version="1.1.2510.212">PowerPages_Core (1.1.2510.212)</package>
        </Required>
        <Dependent type="1" schemaName="adx_externalidentity" displayName="External Identity" />
      </MissingDependency>
      <MissingDependency>
        <Required type="1" schemaName="adx_invitation" displayName="Invitation" solution="PowerPages_RuntimeCore (1.0.2509.1)">
          <package appName="Power Pages Core Package" version="1.1.2510.212">PowerPages_Core (1.1.2510.212)</package>
        </Required>
        <Dependent type="1" schemaName="adx_invitation" displayName="Invitation" />
      </MissingDependency>
      <MissingDependency>
        <Required type="1" schemaName="adx_inviteredemption" displayName="Invite Redemption" solution="PowerPages_RuntimeCore (1.0.2509.1)">
          <package appName="Power Pages Core Package" version="1.1.2510.212">PowerPages_Core (1.1.2510.212)</package>
        </Required>
        <Dependent type="1" schemaName="adx_inviteredemption" displayName="Invite Redemption" />
      </MissingDependency>
      <MissingDependency>
        <Required type="1" schemaName="adx_inviteredemption" displayName="Invite Redemption" solution="PowerPages_RuntimeCore (1.0.2509.1)">
          <package appName="Power Pages Core Package" version="1.1.2510.212">PowerPages_Core (1.1.2510.212)</package>
        </Required>
        <Dependent type="2" schemaName="regardingobjectid" displayName="Regarding" parentSchemaName="adx_inviteredemption" parentDisplayName="Invite Redemption" />
      </MissingDependency>
      <MissingDependency>
        <Required type="1" schemaName="adx_webformsession" displayName="Multistep Form Session" solution="PowerPages_RuntimeCore (1.0.2509.1)">
          <package appName="Power Pages Core Package" version="1.1.2510.212">PowerPages_Core (1.1.2510.212)</package>
        </Required>
        <Dependent type="1" schemaName="adx_webformsession" displayName="Multistep Form Session" />
      </MissingDependency>
      <MissingDependency>
        <Required type="1" schemaName="chat" displayName="Teams chat" solution="msdynce_ActivitiesPatch (9.0.26014.260122001)">
          <package appName="msdynce_Activities" version="9.0.26014.260122001">msdynce_EnableUCIByDefault (9.0.26014.260122001)</package>
        </Required>
        <Dependent type="1" schemaName="chat" displayName="Teams chat" />
      </MissingDependency>
      <MissingDependency>
        <Required type="10" schemaName="msa_account_managingpartner" displayName="msa_account_managingpartner" parentSchemaName="account" parentDisplayName="Account" solution="PowerPages_RuntimeCoreDependencies (1.0.2305.1)">
          <package appName="Power Pages Core Package" version="1.1.2510.212">PowerPages_Core (1.1.2510.212)</package>
        </Required>
        <Dependent type="10" schemaName="msa_account_managingpartner" displayName="msa_account_managingpartner" parentSchemaName="account" parentDisplayName="Account" />
      </MissingDependency>
      <MissingDependency>
        <Required type="10" schemaName="adx_contact_externalidentity" displayName="adx_contact_externalidentity" parentSchemaName="contact" parentDisplayName="Contact" solution="PowerPages_RuntimeCore (1.0.2509.1)">
          <package appName="Power Pages Core Package" version="1.1.2510.212">PowerPages_Core (1.1.2510.212)</package>
        </Required>
        <Dependent type="10" schemaName="adx_contact_externalidentity" displayName="adx_contact_externalidentity" parentSchemaName="contact" parentDisplayName="Contact" />
      </MissingDependency>
      <MissingDependency>
        <Required type="10" schemaName="adx_invitation_invitecontact" displayName="adx_invitation_invitecontact" parentSchemaName="contact" parentDisplayName="Contact" solution="PowerPages_RuntimeCore (1.0.2509.1)">
          <package appName="Power Pages Core Package" version="1.1.2510.212">PowerPages_Core (1.1.2510.212)</package>
        </Required>
        <Dependent type="10" schemaName="adx_invitation_invitecontact" displayName="adx_invitation_invitecontact" parentSchemaName="contact" parentDisplayName="Contact" />
      </MissingDependency>
      <MissingDependency>
        <Required type="10" schemaName="adx_invitation_invitercontact" displayName="adx_invitation_invitercontact" parentSchemaName="contact" parentDisplayName="Contact" solution="PowerPages_RuntimeCore (1.0.2509.1)">
          <package appName="Power Pages Core Package" version="1.1.2510.212">PowerPages_Core (1.1.2510.212)</package>
        </Required>
        <Dependent type="10" schemaName="adx_invitation_invitercontact" displayName="adx_invitation_invitercontact" parentSchemaName="contact" parentDisplayName="Contact" />
      </MissingDependency>
      <MissingDependency>
        <Required type="10" schemaName="adx_invitation_redeemedContact" displayName="adx_invitation_redeemedContact" parentSchemaName="contact" parentDisplayName="Contact" solution="PowerPages_RuntimeCore (1.0.2509.1)">
          <package appName="Power Pages Core Package" version="1.1.2510.212">PowerPages_Core (1.1.2510.212)</package>
        </Required>
        <Dependent type="10" schemaName="adx_invitation_redeemedContact" displayName="adx_invitation_redeemedContact" parentSchemaName="contact" parentDisplayName="Contact" />
      </MissingDependency>
      <MissingDependency>
        <Required type="10" schemaName="adx_webformsession_contact" displayName="adx_webformsession_contact" parentSchemaName="contact" parentDisplayName="Contact" solution="PowerPages_RuntimeCore (1.0.2509.1)">
          <package appName="Power Pages Core Package" version="1.1.2510.212">PowerPages_Core (1.1.2510.212)</package>
        </Required>
        <Dependent type="10" schemaName="adx_webformsession_contact" displayName="adx_webformsession_contact" parentSchemaName="contact" parentDisplayName="Contact" />
      </MissingDependency>
      <MissingDependency>
        <Required type="2" schemaName="adx_createdbyipaddress" displayName="Created By (IP Address)" parentSchemaName="account" parentDisplayName="Account" solution="PowerPages_RuntimeCoreDependencies (1.0.2305.1)">
          <package appName="Power Pages Core Package" version="1.1.2510.212">PowerPages_Core (1.1.2510.212)</package>
        </Required>
        <Dependent type="2" schemaName="adx_createdbyipaddress" displayName="Created By (IP Address)" parentSchemaName="account" parentDisplayName="Account" />
      </MissingDependency>
      <MissingDependency>
        <Required type="2" schemaName="adx_createdbyusername" displayName="Created By (User Name)" parentSchemaName="account" parentDisplayName="Account" solution="PowerPages_RuntimeCoreDependencies (1.0.2305.1)">
          <package appName="Power Pages Core Package" version="1.1.2510.212">PowerPages_Core (1.1.2510.212)</package>
        </Required>
        <Dependent type="2" schemaName="adx_createdbyusername" displayName="Created By (User Name)" parentSchemaName="account" parentDisplayName="Account" />
      </MissingDependency>
      <MissingDependency>
        <Required type="2" schemaName="msa_managingpartnerid" displayName="Managing Partner" parentSchemaName="account" parentDisplayName="Account" solution="PowerPages_RuntimeCoreDependencies (1.0.2305.1)">
          <package appName="Power Pages Core Package" version="1.1.2510.212">PowerPages_Core (1.1.2510.212)</package>
        </Required>
        <Dependent type="2" schemaName="msa_managingpartnerid" displayName="Managing Partner" parentSchemaName="account" parentDisplayName="Account" />
      </MissingDependency>
      <MissingDependency>
        <Required type="2" schemaName="adx_contactid" displayName="Contact" parentSchemaName="adx_externalidentity" parentDisplayName="External Identity" solution="PowerPages_RuntimeCore (1.0.2509.1)">
          <package appName="Power Pages Core Package" version="1.1.2510.212">PowerPages_Core (1.1.2510.212)</package>
        </Required>
        <Dependent type="2" schemaName="adx_contactid" displayName="Contact" parentSchemaName="adx_externalidentity" parentDisplayName="External Identity" />
      </MissingDependency>
      <MissingDependency>
        <Required type="2" schemaName="adx_invitecontact" displayName="Invite Contact" parentSchemaName="adx_invitation" parentDisplayName="Invitation" solution="PowerPages_RuntimeCore (1.0.2509.1)">
          <package appName="Power Pages Core Package" version="1.1.2510.212">PowerPages_Core (1.1.2510.212)</package>
        </Required>
        <Dependent type="2" schemaName="adx_invitecontact" displayName="Invite Contact" parentSchemaName="adx_invitation" parentDisplayName="Invitation" />
      </MissingDependency>
      <MissingDependency>
        <Required type="2" schemaName="adx_invitercontact" displayName="Inviter" parentSchemaName="adx_invitation" parentDisplayName="Invitation" solution="PowerPages_RuntimeCore (1.0.2509.1)">
          <package appName="Power Pages Core Package" version="1.1.2510.212">PowerPages_Core (1.1.2510.212)</package>
        </Required>
        <Dependent type="2" schemaName="adx_invitercontact" displayName="Inviter" parentSchemaName="adx_invitation" parentDisplayName="Invitation" />
      </MissingDependency>
      <MissingDependency>
        <Required type="2" schemaName="adx_redeemedcontact" displayName="Redeemed Contact" parentSchemaName="adx_invitation" parentDisplayName="Invitation" solution="PowerPages_RuntimeCore (1.0.2509.1)">
          <package appName="Power Pages Core Package" version="1.1.2510.212">PowerPages_Core (1.1.2510.212)</package>
        </Required>
        <Dependent type="2" schemaName="adx_redeemedcontact" displayName="Redeemed Contact" parentSchemaName="adx_invitation" parentDisplayName="Invitation" />
      </MissingDependency>
      <MissingDependency>
        <Required type="2" schemaName="adx_contact" displayName="Contact" parentSchemaName="adx_webformsession" parentDisplayName="Multistep Form Session" solution="PowerPages_RuntimeCore (1.0.2509.1)">
          <package appName="Power Pages Core Package" version="1.1.2510.212">PowerPages_Core (1.1.2510.212)</package>
        </Required>
        <Dependent type="2" schemaName="adx_contact" displayName="Contact" parentSchemaName="adx_webformsession" parentDisplayName="Multistep Form Session" />
      </MissingDependency>
      <MissingDependency>
        <Required type="2" schemaName="regardingobjectid" displayName="Regarding" parentSchemaName="chat" parentDisplayName="Teams chat" solution="msdynce_ActivitiesPatch (9.0.26014.260122001)">
          <package appName="msdynce_Activities" version="9.0.26014.260122001">msdynce_EnableUCIByDefault (9.0.26014.260122001)</package>
        </Required>
        <Dependent type="2" schemaName="regardingobjectid" displayName="Regarding" parentSchemaName="chat" parentDisplayName="Teams chat" />
      </MissingDependency>
      <MissingDependency>
        <Required type="66" schemaName="Microsoft.PowerApps.PowerAppsOneGrid" displayName="Microsoft.PowerApps.PowerAppsOneGrid" solution="BaseCustomControlsCore (9.0.2601.4009)">
          <package appName="Base Custom Controls" version="9.0.2601.4009">BaseCustomControlsCore (9.0.2601.4009)</package>
        </Required>
        <Dependent type="26" schemaName="Active PurchaseOrders" displayName="Active PurchaseOrders" parentSchemaName="pharma_purchaseorder" parentDisplayName="PurchaseOrder" id="{1e47f310-3df2-4189-987b-223cd1c2ead1}" />
      </MissingDependency>
      <MissingDependency>
        <Required type="appaction" displayName="msdyn_Mscrm.Form.contact.Activate!contact!0" solution="msdyn_SystemAppActions (9.1.0.57)" id.uniquename="msdyn_Mscrm.Form.contact.Activate!contact!0">
          <package appName="PowerAppsActions Package" version="9.1.0.57">PowerAppsActions_Anchor (9.1.0.57)</package>
        </Required>
        <Dependent type="appaction" displayName="msdyn_Mscrm.Form.contact.Activate!contact!0" id.uniquename="msdyn_Mscrm.Form.contact.Activate!contact!0" />
      </MissingDependency>
      <MissingDependency>
        <Required type="appaction" displayName="msdyn_Mscrm.Form.contact.Deactivate!contact!0" solution="msdyn_SystemAppActions (9.1.0.57)" id.uniquename="msdyn_Mscrm.Form.contact.Deactivate!contact!0">
          <package appName="PowerAppsActions Package" version="9.1.0.57">PowerAppsActions_Anchor (9.1.0.57)</package>
        </Required>
        <Dependent type="appaction" displayName="msdyn_Mscrm.Form.contact.Deactivate!contact!0" id.uniquename="msdyn_Mscrm.Form.contact.Deactivate!contact!0" />
      </MissingDependency>
      <MissingDependency>
        <Required type="appaction" displayName="msdyn_Mscrm.Form.contact.Delete!contact!0" solution="msdyn_SystemAppActions (9.1.0.57)" id.uniquename="msdyn_Mscrm.Form.contact.Delete!contact!0">
          <package appName="PowerAppsActions Package" version="9.1.0.57">PowerAppsActions_Anchor (9.1.0.57)</package>
        </Required>
        <Dependent type="appaction" displayName="msdyn_Mscrm.Form.contact.Delete!contact!0" id.uniquename="msdyn_Mscrm.Form.contact.Delete!contact!0" />
      </MissingDependency>
      <MissingDependency>
        <Required type="2" schemaName="accountcategorycode" displayName="accountcategorycode" parentSchemaName="account" solution="System (5.0)" />
        <Dependent type="2" schemaName="accountcategorycode" displayName="accountcategorycode" />
      </MissingDependency>
      <MissingDependency>
        <Required type="2" schemaName="accountclassificationcode" displayName="accountclassificationcode" parentSchemaName="account" solution="System (5.0)" />
        <Dependent type="2" schemaName="accountclassificationcode" displayName="accountclassificationcode" />
      </MissingDependency>
      <MissingDependency>
        <Required type="2" schemaName="accountid" displayName="accountid" parentSchemaName="account" solution="System (5.0)" />
        <Dependent type="2" schemaName="accountid" displayName="accountid" />
      </MissingDependency>
      <MissingDependency>
        <Required type="2" schemaName="accountnumber" displayName="accountnumber" parentSchemaName="account" solution="System (5.0)" />
        <Dependent type="2" schemaName="accountnumber" displayName="accountnumber" />
      </MissingDependency>
      <MissingDependency>
        <Required type="2" schemaName="accountratingcode" displayName="accountratingcode" parentSchemaName="account" solution="System (5.0)" />
        <Dependent type="2" schemaName="accountratingcode" displayName="accountratingcode" />
      </MissingDependency>
      <MissingDependency>
        <Required type="2" schemaName="address1_addresstypecode" displayName="address1_addresstypecode" parentSchemaName="account" solution="System (5.0)" />
        <Dependent type="2" schemaName="address1_addresstypecode" displayName="address1_addresstypecode" />
      </MissingDependency>
      <MissingDependency>
        <Required type="2" schemaName="address1_city" displayName="address1_city" parentSchemaName="account" solution="System (5.0)" />
        <Dependent type="2" schemaName="address1_city" displayName="address1_city" />
      </MissingDependency>
      <MissingDependency>
        <Required type="2" schemaName="address1_composite" displayName="address1_composite" parentSchemaName="account" solution="System (5.0)" />
        <Dependent type="2" schemaName="address1_composite" displayName="address1_composite" />
      </MissingDependency>
      <MissingDependency>
        <Required type="2" schemaName="address1_country" displayName="address1_country" parentSchemaName="account" solution="System (5.0)" />
        <Dependent type="2" schemaName="address1_country" displayName="address1_country" />
      </MissingDependency>
      <MissingDependency>
        <Required type="2" schemaName="address1_county" displayName="address1_county" parentSchemaName="account" solution="System (5.0)" />
        <Dependent type="2" schemaName="address1_county" displayName="address1_county" />
      </MissingDependency>
      <MissingDependency>
        <Required type="2" schemaName="address1_fax" displayName="address1_fax" parentSchemaName="account" solution="System (5.0)" />
        <Dependent type="2" schemaName="address1_fax" displayName="address1_fax" />
      </MissingDependency>
      <MissingDependency>
        <Required type="2" schemaName="address1_freighttermscode" displayName="address1_freighttermscode" parentSchemaName="account" solution="System (5.0)" />
        <Dependent type="2" schemaName="address1_freighttermscode" displayName="address1_freighttermscode" />
      </MissingDependency>
      <MissingDependency>
        <Required type="2" schemaName="address1_latitude" displayName="address1_latitude" parentSchemaName="account" solution="System (5.0)" />
        <Dependent type="2" schemaName="address1_latitude" displayName="address1_latitude" />
      </MissingDependency>
      <MissingDependency>
        <Required type="2" schemaName="address1_line1" displayName="address1_line1" parentSchemaName="account" solution="System (5.0)" />
        <Dependent type="2" schemaName="address1_line1" displayName="address1_line1" />
      </MissingDependency>
      <MissingDependency>
        <Required type="2" schemaName="address1_line2" displayName="address1_line2" parentSchemaName="account" solution="System (5.0)" />
        <Dependent type="2" schemaName="address1_line2" displayName="address1_line2" />
      </MissingDependency>
      <MissingDependency>
        <Required type="2" schemaName="address1_line3" displayName="address1_line3" parentSchemaName="account" solution="System (5.0)" />
        <Dependent type="2" schemaName="address1_line3" displayName="address1_line3" />
      </MissingDependency>
      <MissingDependency>
        <Required type="2" schemaName="address1_longitude" displayName="address1_longitude" parentSchemaName="account" solution="System (5.0)" />
        <Dependent type="2" schemaName="address1_longitude" displayName="address1_longitude" />
      </MissingDependency>
      <MissingDependency>
        <Required type="2" schemaName="address1_name" displayName="address1_name" parentSchemaName="account" solution="System (5.0)" />
        <Dependent type="2" schemaName="address1_name" displayName="address1_name" />
      </MissingDependency>
      <MissingDependency>
        <Required type="2" schemaName="address1_postalcode" displayName="address1_postalcode" parentSchemaName="account" solution="System (5.0)" />
        <Dependent type="2" schemaName="address1_postalcode" displayName="address1_postalcode" />
      </MissingDependency>
      <MissingDependency>
        <Required type="2" schemaName="address1_postofficebox" displayName="address1_postofficebox" parentSchemaName="account" solution="System (5.0)" />
        <Dependent type="2" schemaName="address1_postofficebox" displayName="address1_postofficebox" />
      </MissingDependency>
      <MissingDependency>
        <Required type="2" schemaName="address1_primarycontactname" displayName="address1_primarycontactname" parentSchemaName="account" solution="System (5.0)" />
        <Dependent type="2" schemaName="address1_primarycontactname" displayName="address1_primarycontactname" />
      </MissingDependency>
      <MissingDependency>
        <Required type="2" schemaName="address1_shippingmethodcode" displayName="address1_shippingmethodcode" parentSchemaName="account" solution="System (5.0)" />
        <Dependent type="2" schemaName="address1_shippingmethodcode" displayName="address1_shippingmethodcode" />
      </MissingDependency>
      <MissingDependency>
        <Required type="2" schemaName="address1_stateorprovince" displayName="address1_stateorprovince" parentSchemaName="account" solution="System (5.0)" />
        <Dependent type="2" schemaName="address1_stateorprovince" displayName="address1_stateorprovince" />
      </MissingDependency>
      <MissingDependency>
        <Required type="2" schemaName="address1_telephone1" displayName="address1_telephone1" parentSchemaName="account" solution="System (5.0)" />
        <Dependent type="2" schemaName="address1_telephone1" displayName="address1_telephone1" />
      </MissingDependency>
      <MissingDependency>
        <Required type="2" schemaName="address1_telephone2" displayName="address1_telephone2" parentSchemaName="account" solution="System (5.0)" />
        <Dependent type="2" schemaName="address1_telephone2" displayName="address1_telephone2" />
      </MissingDependency>
      <MissingDependency>
        <Required type="2" schemaName="address1_telephone3" displayName="address1_telephone3" parentSchemaName="account" solution="System (5.0)" />
        <Dependent type="2" schemaName="address1_telephone3" displayName="address1_telephone3" />
      </MissingDependency>
      <MissingDependency>
        <Required type="2" schemaName="address1_upszone" displayName="address1_upszone" parentSchemaName="account" solution="System (5.0)" />
        <Dependent type="2" schemaName="address1_upszone" displayName="address1_upszone" />
      </MissingDependency>
      <MissingDependency>
        <Required type="2" schemaName="address1_utcoffset" displayName="address1_utcoffset" parentSchemaName="account" solution="System (5.0)" />
        <Dependent type="2" schemaName="address1_utcoffset" displayName="address1_utcoffset" />
      </MissingDependency>
      <MissingDependency>
        <Required type="2" schemaName="address2_addresstypecode" displayName="address2_addresstypecode" parentSchemaName="account" solution="System (5.0)" />
        <Dependent type="2" schemaName="address2_addresstypecode" displayName="address2_addresstypecode" />
      </MissingDependency>
      <MissingDependency>
        <Required type="2" schemaName="address2_city" displayName="address2_city" parentSchemaName="account" solution="System (5.0)" />
        <Dependent type="2" schemaName="address2_city" displayName="address2_city" />
      </MissingDependency>
      <MissingDependency>
        <Required type="2" schemaName="address2_composite" displayName="address2_composite" parentSchemaName="account" solution="System (5.0)" />
        <Dependent type="2" schemaName="address2_composite" displayName="address2_composite" />
      </MissingDependency>
      <MissingDependency>
        <Required type="2" schemaName="address2_country" displayName="address2_country" parentSchemaName="account" solution="System (5.0)" />
        <Dependent type="2" schemaName="address2_country" displayName="address2_country" />
      </MissingDependency>
      <MissingDependency>
        <Required type="2" schemaName="address2_county" displayName="address2_county" parentSchemaName="account" solution="System (5.0)" />
        <Dependent type="2" schemaName="address2_county" displayName="address2_county" />
      </MissingDependency>
      <MissingDependency>
        <Required type="2" schemaName="address2_fax" displayName="address2_fax" parentSchemaName="account" solution="System (5.0)" />
        <Dependent type="2" schemaName="address2_fax" displayName="address2_fax" />
      </MissingDependency>
      <MissingDependency>
        <Required type="2" schemaName="address2_freighttermscode" displayName="address2_freighttermscode" parentSchemaName="account" solution="System (5.0)" />
        <Dependent type="2" schemaName="address2_freighttermscode" displayName="address2_freighttermscode" />
      </MissingDependency>
      <MissingDependency>
        <Required type="2" schemaName="address2_latitude" displayName="address2_latitude" parentSchemaName="account" solution="System (5.0)" />
        <Dependent type="2" schemaName="address2_latitude" displayName="address2_latitude" />
      </MissingDependency>
      <MissingDependency>
        <Required type="2" schemaName="address2_line1" displayName="address2_line1" parentSchemaName="account" solution="System (5.0)" />
        <Dependent type="2" schemaName="address2_line1" displayName="address2_line1" />
      </MissingDependency>
      <MissingDependency>
        <Required type="2" schemaName="address2_line2" displayName="address2_line2" parentSchemaName="account" solution="System (5.0)" />
        <Dependent type="2" schemaName="address2_line2" displayName="address2_line2" />
      </MissingDependency>
      <MissingDependency>
        <Required type="2" schemaName="address2_line3" displayName="address2_line3" parentSchemaName="account" solution="System (5.0)" />
        <Dependent type="2" schemaName="address2_line3" displayName="address2_line3" />
      </MissingDependency>
      <MissingDependency>
        <Required type="2" schemaName="address2_longitude" displayName="address2_longitude" parentSchemaName="account" solution="System (5.0)" />
        <Dependent type="2" schemaName="address2_longitude" displayName="address2_longitude" />
      </MissingDependency>
      <MissingDependency>
        <Required type="2" schemaName="address2_name" displayName="address2_name" parentSchemaName="account" solution="System (5.0)" />
        <Dependent type="2" schemaName="address2_name" displayName="address2_name" />
      </MissingDependency>
      <MissingDependency>
        <Required type="2" schemaName="address2_postalcode" displayName="address2_postalcode" parentSchemaName="account" solution="System (5.0)" />
        <Dependent type="2" schemaName="address2_postalcode" displayName="address2_postalcode" />
      </MissingDependency>
      <MissingDependency>
        <Required type="2" schemaName="address2_postofficebox" displayName="address2_postofficebox" parentSchemaName="account" solution="System (5.0)" />
        <Dependent type="2" schemaName="address2_postofficebox" displayName="address2_postofficebox" />
      </MissingDependency>
      <MissingDependency>
        <Required type="2" schemaName="address2_primarycontactname" displayName="address2_primarycontactname" parentSchemaName="account" solution="System (5.0)" />
        <Dependent type="2" schemaName="address2_primarycontactname" displayName="address2_primarycontactname" />
      </MissingDependency>
      <MissingDependency>
        <Required type="2" schemaName="address2_shippingmethodcode" displayName="address2_shippingmethodcode" parentSchemaName="account" solution="System (5.0)" />
        <Dependent type="2" schemaName="address2_shippingmethodcode" displayName="address2_shippingmethodcode" />
      </MissingDependency>
      <MissingDependency>
        <Required type="2" schemaName="address2_stateorprovince" displayName="address2_stateorprovince" parentSchemaName="account" solution="System (5.0)" />
        <Dependent type="2" schemaName="address2_stateorprovince" displayName="address2_stateorprovince" />
      </MissingDependency>
      <MissingDependency>
        <Required type="2" schemaName="address2_telephone1" displayName="address2_telephone1" parentSchemaName="account" solution="System (5.0)" />
        <Dependent type="2" schemaName="address2_telephone1" displayName="address2_telephone1" />
      </MissingDependency>
      <MissingDependency>
        <Required type="2" schemaName="address2_telephone2" displayName="address2_telephone2" parentSchemaName="account" solution="System (5.0)" />
        <Dependent type="2" schemaName="address2_telephone2" displayName="address2_telephone2" />
      </MissingDependency>
      <MissingDependency>
        <Required type="2" schemaName="address2_telephone3" displayName="address2_telephone3" parentSchemaName="account" solution="System (5.0)" />
        <Dependent type="2" schemaName="address2_telephone3" displayName="address2_telephone3" />
      </MissingDependency>
      <MissingDependency>
        <Required type="2" schemaName="address2_upszone" displayName="address2_upszone" parentSchemaName="account" solution="System (5.0)" />
        <Dependent type="2" schemaName="address2_upszone" displayName="address2_upszone" />
      </MissingDependency>
      <MissingDependency>
        <Required type="2" schemaName="address2_utcoffset" displayName="address2_utcoffset" parentSchemaName="account" solution="System (5.0)" />
        <Dependent type="2" schemaName="address2_utcoffset" displayName="address2_utcoffset" />
      </MissingDependency>
      <MissingDependency>
        <Required type="2" schemaName="aging30" displayName="aging30" parentSchemaName="account" solution="System (5.0)" />
        <Dependent type="2" schemaName="aging30" displayName="aging30" />
      </MissingDependency>
      <MissingDependency>
        <Required type="2" schemaName="aging30_base" displayName="aging30_base" parentSchemaName="account" solution="System (5.0)" />
        <Dependent type="2" schemaName="aging30_base" displayName="aging30_base" />
      </MissingDependency>
      <MissingDependency>
        <Required type="2" schemaName="aging60" displayName="aging60" parentSchemaName="account" solution="System (5.0)" />
        <Dependent type="2" schemaName="aging60" displayName="aging60" />
      </MissingDependency>
      <MissingDependency>
        <Required type="2" schemaName="aging60_base" displayName="aging60_base" parentSchemaName="account" solution="System (5.0)" />
        <Dependent type="2" schemaName="aging60_base" displayName="aging60_base" />
      </MissingDependency>
      <MissingDependency>
        <Required type="2" schemaName="aging90" displayName="aging90" parentSchemaName="account" solution="System (5.0)" />
        <Dependent type="2" schemaName="aging90" displayName="aging90" />
      </MissingDependency>
      <MissingDependency>
        <Required type="2" schemaName="aging90_base" displayName="aging90_base" parentSchemaName="account" solution="System (5.0)" />
        <Dependent type="2" schemaName="aging90_base" displayName="aging90_base" />
      </MissingDependency>
      <MissingDependency>
        <Required type="2" schemaName="businesstypecode" displayName="businesstypecode" parentSchemaName="account" solution="System (5.0)" />
        <Dependent type="2" schemaName="businesstypecode" displayName="businesstypecode" />
      </MissingDependency>
      <MissingDependency>
        <Required type="2" schemaName="createdby" displayName="createdby" parentSchemaName="account" solution="System (5.0)" />
        <Dependent type="2" schemaName="createdby" displayName="createdby" />
      </MissingDependency>
      <MissingDependency>
        <Required type="2" schemaName="createdbyexternalparty" displayName="createdbyexternalparty" parentSchemaName="account" solution="System (5.0)" />
        <Dependent type="2" schemaName="createdbyexternalparty" displayName="createdbyexternalparty" />
      </MissingDependency>
      <MissingDependency>
        <Required type="2" schemaName="createdon" displayName="createdon" parentSchemaName="account" solution="System (5.0)" />
        <Dependent type="2" schemaName="createdon" displayName="createdon" />
      </MissingDependency>
      <MissingDependency>
        <Required type="2" schemaName="createdonbehalfby" displayName="createdonbehalfby" parentSchemaName="account" solution="System (5.0)" />
        <Dependent type="2" schemaName="createdonbehalfby" displayName="createdonbehalfby" />
      </MissingDependency>
      <MissingDependency>
        <Required type="2" schemaName="creditlimit" displayName="creditlimit" parentSchemaName="account" solution="System (5.0)" />
        <Dependent type="2" schemaName="creditlimit" displayName="creditlimit" />
      </MissingDependency>
      <MissingDependency>
        <Required type="2" schemaName="creditlimit_base" displayName="creditlimit_base" parentSchemaName="account" solution="System (5.0)" />
        <Dependent type="2" schemaName="creditlimit_base" displayName="creditlimit_base" />
      </MissingDependency>
      <MissingDependency>
        <Required type="2" schemaName="creditonhold" displayName="creditonhold" parentSchemaName="account" solution="System (5.0)" />
        <Dependent type="2" schemaName="creditonhold" displayName="creditonhold" />
      </MissingDependency>
      <MissingDependency>
        <Required type="2" schemaName="customersizecode" displayName="customersizecode" parentSchemaName="account" solution="System (5.0)" />
        <Dependent type="2" schemaName="customersizecode" displayName="customersizecode" />
      </MissingDependency>
      <MissingDependency>
        <Required type="2" schemaName="description" displayName="description" parentSchemaName="account" solution="System (5.0)" />
        <Dependent type="2" schemaName="description" displayName="description" />
      </MissingDependency>
      <MissingDependency>
        <Required type="2" schemaName="donotbulkemail" displayName="donotbulkemail" parentSchemaName="account" solution="System (5.0)" />
        <Dependent type="2" schemaName="donotbulkemail" displayName="donotbulkemail" />
      </MissingDependency>
      <MissingDependency>
        <Required type="2" schemaName="donotbulkpostalmail" displayName="donotbulkpostalmail" parentSchemaName="account" solution="System (5.0)" />
        <Dependent type="2" schemaName="donotbulkpostalmail" displayName="donotbulkpostalmail" />
      </MissingDependency>
      <MissingDependency>
        <Required type="2" schemaName="donotemail" displayName="donotemail" parentSchemaName="account" solution="System (5.0)" />
        <Dependent type="2" schemaName="donotemail" displayName="donotemail" />
      </MissingDependency>
      <MissingDependency>
        <Required type="2" schemaName="donotfax" displayName="donotfax" parentSchemaName="account" solution="System (5.0)" />
        <Dependent type="2" schemaName="donotfax" displayName="donotfax" />
      </MissingDependency>
      <MissingDependency>
        <Required type="2" schemaName="donotphone" displayName="donotphone" parentSchemaName="account" solution="System (5.0)" />
        <Dependent type="2" schemaName="donotphone" displayName="donotphone" />
      </MissingDependency>
      <MissingDependency>
        <Required type="2" schemaName="donotpostalmail" displayName="donotpostalmail" parentSchemaName="account" solution="System (5.0)" />
        <Dependent type="2" schemaName="donotpostalmail" displayName="donotpostalmail" />
      </MissingDependency>
      <MissingDependency>
        <Required type="2" schemaName="emailaddress1" displayName="emailaddress1" parentSchemaName="account" solution="System (5.0)" />
        <Dependent type="2" schemaName="emailaddress1" displayName="emailaddress1" />
      </MissingDependency>
      <MissingDependency>
        <Required type="2" schemaName="emailaddress2" displayName="emailaddress2" parentSchemaName="account" solution="System (5.0)" />
        <Dependent type="2" schemaName="emailaddress2" displayName="emailaddress2" />
      </MissingDependency>
      <MissingDependency>
        <Required type="2" schemaName="emailaddress3" displayName="emailaddress3" parentSchemaName="account" solution="System (5.0)" />
        <Dependent type="2" schemaName="emailaddress3" displayName="emailaddress3" />
      </MissingDependency>
      <MissingDependency>
        <Required type="2" schemaName="entityimage" displayName="entityimage" parentSchemaName="account" solution="System (5.0)" />
        <Dependent type="2" schemaName="entityimage" displayName="entityimage" />
      </MissingDependency>
      <MissingDependency>
        <Required type="2" schemaName="exchangerate" displayName="exchangerate" parentSchemaName="account" solution="System (5.0)" />
        <Dependent type="2" schemaName="exchangerate" displayName="exchangerate" />
      </MissingDependency>
      <MissingDependency>
        <Required type="2" schemaName="fax" displayName="fax" parentSchemaName="account" solution="System (5.0)" />
        <Dependent type="2" schemaName="fax" displayName="fax" />
      </MissingDependency>
      <MissingDependency>
        <Required type="2" schemaName="followemail" displayName="followemail" parentSchemaName="account" solution="System (5.0)" />
        <Dependent type="2" schemaName="followemail" displayName="followemail" />
      </MissingDependency>
      <MissingDependency>
        <Required type="2" schemaName="ftpsiteurl" displayName="ftpsiteurl" parentSchemaName="account" solution="System (5.0)" />
        <Dependent type="2" schemaName="ftpsiteurl" displayName="ftpsiteurl" />
      </MissingDependency>
      <MissingDependency>
        <Required type="2" schemaName="importsequencenumber" displayName="importsequencenumber" parentSchemaName="account" solution="System (5.0)" />
        <Dependent type="2" schemaName="importsequencenumber" displayName="importsequencenumber" />
      </MissingDependency>
      <MissingDependency>
        <Required type="2" schemaName="lastonholdtime" displayName="lastonholdtime" parentSchemaName="account" solution="System (5.0)" />
        <Dependent type="2" schemaName="lastonholdtime" displayName="lastonholdtime" />
      </MissingDependency>
      <MissingDependency>
        <Required type="2" schemaName="lastusedincampaign" displayName="lastusedincampaign" parentSchemaName="account" solution="System (5.0)" />
        <Dependent type="2" schemaName="lastusedincampaign" displayName="lastusedincampaign" />
      </MissingDependency>
      <MissingDependency>
        <Required type="2" schemaName="marketcap" displayName="marketcap" parentSchemaName="account" solution="System (5.0)" />
        <Dependent type="2" schemaName="marketcap" displayName="marketcap" />
      </MissingDependency>
      <MissingDependency>
        <Required type="2" schemaName="marketcap_base" displayName="marketcap_base" parentSchemaName="account" solution="System (5.0)" />
        <Dependent type="2" schemaName="marketcap_base" displayName="marketcap_base" />
      </MissingDependency>
      <MissingDependency>
        <Required type="2" schemaName="masterid" displayName="masterid" parentSchemaName="account" solution="System (5.0)" />
        <Dependent type="2" schemaName="masterid" displayName="masterid" />
      </MissingDependency>
      <MissingDependency>
        <Required type="2" schemaName="name" displayName="name" parentSchemaName="account" solution="System (5.0)" />
        <Dependent type="2" schemaName="name" displayName="name" />
      </MissingDependency>
      <MissingDependency>
        <Required type="2" schemaName="parentaccountid" displayName="parentaccountid" parentSchemaName="account" solution="System (5.0)" />
        <Dependent type="2" schemaName="parentaccountid" displayName="parentaccountid" />
      </MissingDependency>
      <MissingDependency>
        <Required type="2" schemaName="preferredcontactmethodcode" displayName="preferredcontactmethodcode" parentSchemaName="account" solution="System (5.0)" />
        <Dependent type="2" schemaName="preferredcontactmethodcode" displayName="preferredcontactmethodcode" />
      </MissingDependency>
      <MissingDependency>
        <Required type="2" schemaName="primarycontactid" displayName="primarycontactid" parentSchemaName="account" solution="System (5.0)" />
        <Dependent type="2" schemaName="primarycontactid" displayName="primarycontactid" />
      </MissingDependency>
      <MissingDependency>
        <Required type="2" schemaName="revenue" displayName="revenue" parentSchemaName="account" solution="System (5.0)" />
        <Dependent type="2" schemaName="revenue" displayName="revenue" />
      </MissingDependency>
      <MissingDependency>
        <Required type="2" schemaName="revenue_base" displayName="revenue_base" parentSchemaName="account" solution="System (5.0)" />
        <Dependent type="2" schemaName="revenue_base" displayName="revenue_base" />
      </MissingDependency>
      <MissingDependency>
        <Required type="2" schemaName="slainvokedid" displayName="slainvokedid" parentSchemaName="account" solution="System (5.0)" />
        <Dependent type="2" schemaName="slainvokedid" displayName="slainvokedid" />
      </MissingDependency>
      <MissingDependency>
        <Required type="2" schemaName="telephone1" displayName="telephone1" parentSchemaName="account" solution="System (5.0)" />
        <Dependent type="2" schemaName="telephone1" displayName="telephone1" />
      </MissingDependency>
      <MissingDependency>
        <Required type="2" schemaName="transactioncurrencyid" displayName="transactioncurrencyid" parentSchemaName="account" solution="System (5.0)" />
        <Dependent type="2" schemaName="transactioncurrencyid" displayName="transactioncurrencyid" />
      </MissingDependency>
      <MissingDependency>
        <Required type="2" schemaName="traversedpath" displayName="traversedpath" parentSchemaName="account" solution="System (5.0)" />
        <Dependent type="2" schemaName="traversedpath" displayName="traversedpath" />
      </MissingDependency>
      <MissingDependency>
        <Required type="1" schemaName="actioncard" displayName="ActionCard" parentSchemaName="" solution="System (5.0)" />
        <Dependent type="1" schemaName="actioncard" displayName="ActionCard" />
      </MissingDependency>
      <MissingDependency>
        <Required type="2" schemaName="objectid" displayName="objectid" parentSchemaName="annotation" solution="System (5.0)" />
        <Dependent type="2" schemaName="objectid" displayName="objectid" />
      </MissingDependency>
      <MissingDependency>
        <Required type="1" schemaName="annotation" displayName="Annotation" parentSchemaName="" solution="msdynce_ActivitiesPatch (9.0.26014.260122001)" />
        <Dependent type="1" schemaName="annotation" displayName="Annotation" />
      </MissingDependency>
      <MissingDependency>
        <Required type="1" schemaName="appointment" displayName="Appointment" parentSchemaName="" solution="msdynce_ActivitiesPatch (9.0.26014.260122001)" />
        <Dependent type="1" schemaName="appointment" displayName="Appointment" />
      </MissingDependency>
      <MissingDependency>
        <Required type="2" schemaName="record1id" displayName="record1id" parentSchemaName="connection" solution="System (5.0)" />
        <Dependent type="2" schemaName="record1id" displayName="record1id" />
      </MissingDependency>
      <MissingDependency>
        <Required type="2" schemaName="record2id" displayName="record2id" parentSchemaName="connection" solution="System (5.0)" />
        <Dependent type="2" schemaName="record2id" displayName="record2id" />
      </MissingDependency>
      <MissingDependency>
        <Required type="1" schemaName="connection" displayName="Connection" parentSchemaName="" solution="msdynce_AppCommonPatch201904 (9.0.26014.10001)" />
        <Dependent type="1" schemaName="connection" displayName="Connection" />
      </MissingDependency>
      <MissingDependency>
        <Required type="2" schemaName="contactid" displayName="contactid" parentSchemaName="contact" solution="System (5.0)" />
        <Dependent type="2" schemaName="contactid" displayName="contactid" />
      </MissingDependency>
      <MissingDependency>
        <Required type="2" schemaName="parentcustomerid" displayName="parentcustomerid" parentSchemaName="contact" solution="System (5.0)" />
        <Dependent type="2" schemaName="parentcustomerid" displayName="parentcustomerid" />
      </MissingDependency>
      <MissingDependency>
        <Required type="2" schemaName="parentid" displayName="parentid" parentSchemaName="customeraddress" solution="System (5.0)" />
        <Dependent type="2" schemaName="parentid" displayName="parentid" />
      </MissingDependency>
      <MissingDependency>
        <Required type="1" schemaName="customeraddress" displayName="CustomerAddress" parentSchemaName="" solution="msdynce_AppCommonPatch201904 (9.0.26014.10001)" />
        <Dependent type="1" schemaName="customeraddress" displayName="CustomerAddress" />
      </MissingDependency>
      <MissingDependency>
        <Required type="1" schemaName="email" displayName="Email" parentSchemaName="" solution="msdyn_TimelineExtended (1.26014.2.6616)" />
        <Dependent type="1" schemaName="email" displayName="Email" />
      </MissingDependency>
      <MissingDependency>
        <Required type="1" schemaName="fax" displayName="Fax" parentSchemaName="" solution="msdynce_ActivitiesPatch (9.0.26014.260122001)" />
        <Dependent type="1" schemaName="fax" displayName="Fax" />
      </MissingDependency>
      <MissingDependency>
        <Required type="1" schemaName="feedback" displayName="Feedback" parentSchemaName="" solution="PowerPages_RuntimeCore (1.0.2509.1)" />
        <Dependent type="1" schemaName="feedback" displayName="Feedback" />
      </MissingDependency>
      <MissingDependency>
        <Required type="1" schemaName="letter" displayName="Letter" parentSchemaName="" solution="msdynce_ActivitiesPatch (9.0.26014.260122001)" />
        <Dependent type="1" schemaName="letter" displayName="Letter" />
      </MissingDependency>
      <MissingDependency>
        <Required type="1" schemaName="phonecall" displayName="PhoneCall" parentSchemaName="" solution="msdynce_Activities (9.0.1.2033)" />
        <Dependent type="1" schemaName="phonecall" displayName="PhoneCall" />
      </MissingDependency>
      <MissingDependency>
        <Required type="1" schemaName="recurringappointmentmaster" displayName="RecurringAppointmentMaster" parentSchemaName="" solution="msdynce_ActivitiesPatch (9.0.26014.260122001)" />
        <Dependent type="1" schemaName="recurringappointmentmaster" displayName="RecurringAppointmentMaster" />
      </MissingDependency>
      <MissingDependency>
        <Required type="1" schemaName="syncerror" displayName="SyncError" parentSchemaName="" solution="System (5.0)" />
        <Dependent type="1" schemaName="syncerror" displayName="SyncError" />
      </MissingDependency>
      <MissingDependency>
        <Required type="1" schemaName="systemuser" displayName="SystemUser" parentSchemaName="" solution="msdyn_UserShareSecuredFields (1.0.0.0)" />
        <Dependent type="1" schemaName="systemuser" displayName="SystemUser" />
      </MissingDependency>
      <MissingDependency>
        <Required type="1" schemaName="task" displayName="Task" parentSchemaName="" solution="msdynce_Activities (9.0.1.2033)" />
        <Dependent type="1" schemaName="task" displayName="Task" />
      </MissingDependency>
    </MissingDependencies>
  </SolutionManifest>
</ImportExportXml>