<environmentvariabledefinition schemaname="bells_NewTestVariable">
  <defaultvalue>Test</defaultvalue>
  <description default="Test variable to see how env works">
    <label description="Test variable to see how env works" languagecode="1033" />
  </description>
  <displayname default="New Test Variable">
    <label description="New Test Variable" languagecode="1033" />
  </displayname>
  <introducedversion>1.0.0.5</introducedversion>
  <iscustomizable>1</iscustomizable>
  <isrequired>0</isrequired>
  <secretstore>0</secretstore>
  <type>100000000</type>
</environmentvariabledefinition>