<ImportExportXml version="9.2.26014.158" SolutionPackageVersion="9.2" languagecode="1033" generatedBy="CrmLive" xmlns:xsi="http://www.w3.org/2001/XMLSchema-instance" OrganizationVersion="9.2.26014.158" OrganizationSchemaType="Standard" CRMServerServiceabilityVersion="9.2.26021.00149">
  <SolutionManifest>
    <UniqueName>PharmaTrack360_Core</UniqueName>
    <LocalizedNames>
      <LocalizedName description="PharmaTrack360_Core" languagecode="1033" />
    </LocalizedNames>
    <Descriptions>
      <Description description="Upgrade of PharmaTrack360_Core" languagecode="1033" />
    </Descriptions>
    <Version>1.2.0.2</Version>
    <Managed>1</Managed>
    <Publisher>
      <UniqueName>PharmaTrack</UniqueName>
      <LocalizedNames>
        <LocalizedName description="PharmaTrack" languagecode="1033" />
      </LocalizedNames>
      <Descriptions />
      <EMailAddress xsi:nil="true"></EMailAddress>
      <SupportingWebsiteUrl xsi:nil="true"></SupportingWebsiteUrl>
      <CustomizationPrefix>pharma</CustomizationPrefix>
      <CustomizationOptionValuePrefix>54035</CustomizationOptionValuePrefix>
      <Addresses>
        <Address>
          <AddressNumber>1</AddressNumber>
          <AddressTypeCode>1</AddressTypeCode>
          <City xsi:nil="true"></City>
          <County xsi:nil="true"></County>
          <Country xsi:nil="true"></Country>
          <Fax xsi:nil="true"></Fax>
          <FreightTermsCode xsi:nil="true"></FreightTermsCode>
          <ImportSequenceNumber xsi:nil="true"></ImportSequenceNumber>
          <Latitude xsi:nil="true"></Latitude>
          <Line1 xsi:nil="true"></Line1>
          <Line2 xsi:nil="true"></Line2>
          <Line3 xsi:nil="true"></Line3>
          <Longitude xsi:nil="true"></Longitude>
          <Name xsi:nil="true"></Name>
          <PostalCode xsi:nil="true"></PostalCode>
          <PostOfficeBox xsi:nil="true"></PostOfficeBox>
          <PrimaryContactName xsi:nil="true"></PrimaryContactName>
          <ShippingMethodCode>1</ShippingMethodCode>
          <StateOrProvince xsi:nil="true"></StateOrProvince>
          <Telephone1 xsi:nil="true"></Telephone1>
          <Telephone2 xsi:nil="true"></Telephone2>
          <Telephone3 xsi:nil="true"></Telephone3>
          <TimeZoneRuleVersionNumber xsi:nil="true"></TimeZoneRuleVersionNumber>
          <UPSZone xsi:nil="true"></UPSZone>
          <UTCOffset xsi:nil="true"></UTCOffset>
          <UTCConversionTimeZoneCode xsi:nil="true"></UTCConversionTimeZoneCode>
        </Address>
        <Address>
          <AddressNumber>2</AddressNumber>
          <AddressTypeCode>1</AddressTypeCode>
          <City xsi:nil="true"></City>
          <County xsi:nil="true"></County>
          <Country xsi:nil="true"></Country>
          <Fax xsi:nil="true"></Fax>
          <FreightTermsCode xsi:nil="true"></FreightTermsCode>
          <ImportSequenceNumber xsi:nil="true"></ImportSequenceNumber>
          <Latitude xsi:nil="true"></Latitude>
          <Line1 xsi:nil="true"></Line1>
          <Line2 xsi:nil="true"></Line2>
          <Line3 xsi:nil="true"></Line3>
          <Longitude xsi:nil="true"></Longitude>
          <Name xsi:nil="true"></Name>
          <PostalCode xsi:nil="true"></PostalCode>
          <PostOfficeBox xsi:nil="true"></PostOfficeBox>
          <PrimaryContactName xsi:nil="true"></PrimaryContactName>
          <ShippingMethodCode>1</ShippingMethodCode>
          <StateOrProvince xsi:nil="true"></StateOrProvince>
          <Telephone1 xsi:nil="true"></Telephone1>
          <Telephone2 xsi:nil="true"></Telephone2>
          <Telephone3 xsi:nil="true"></Telephone3>
          <TimeZoneRuleVersionNumber xsi:nil="true"></TimeZoneRuleVersionNumber>
          <UPSZone xsi:nil="true"></UPSZone>
          <UTCOffset xsi:nil="true"></UTCOffset>
          <UTCConversionTimeZoneCode xsi:nil="true"></UTCConversionTimeZoneCode>
        </Address>
      </Addresses>
    </Publisher>
    <RootComponents>
      <RootComponent type="1" schemaName="account" behavior="2" />
      <RootComponent type="1" schemaName="actioncard" behavior="2" />
      <RootComponent type="1" schemaName="adx_externalidentity" behavior="2" />
      <RootComponent type="1" schemaName="adx_invitation" behavior="2" />
      <RootComponent type="1" schemaName="adx_inviteredemption" behavior="2" />
      <RootComponent type="1" schemaName="adx_webformsession" behavior="2" />
      <RootComponent type="1" schemaName="annotation" behavior="2" />
      <RootComponent type="1" schemaName="appointment" behavior="2" />
      <RootComponent type="1" schemaName="chat" behavior="2" />
      <RootComponent type="1" schemaName="connection" behavior="2" />
      <RootComponent type="1" schemaName="contact" behavior="2" />
      <RootComponent type="1" schemaName="customeraddress" behavior="2" />
      <RootComponent type="1" schemaName="email" behavior="2" />
      <RootComponent type="1" schemaName="fax" behavior="2" />
      <RootComponent type="1" schemaName="feedback" behavior="2" />
      <RootComponent type="1" schemaName="letter" behavior="2" />
      <RootComponent type="1" schemaName="pharma_calllog" behavior="0" />
      <RootComponent type="1" schemaName="pharma_commissionrule" behavior="0" />
      <RootComponent type="1" schemaName="pharma_compliancelog" behavior="0" />
      <RootComponent type="1" schemaName="pharma_integrationlog" behavior="0" />
      <RootComponent type="1" schemaName="pharma_inventorybatches" behavior="0" />
      <RootComponent type="1" schemaName="pharma_inventorysnapshot" behavior="0" />
      <RootComponent type="1" schemaName="pharma_inventorytransactiontable" behavior="0" />
      <RootComponent type="1" schemaName="pharma_opportunity" behavior="0" />
      <RootComponent type="1" schemaName="pharma_opportunityline" behavior="0" />
      <RootComponent type="1" schemaName="pharma_product" behavior="0" />
      <RootComponent type="1" schemaName="pharma_purchaseorder" behavior="0" />
      <RootComponent type="1" schemaName="pharma_purchaseorderlineitem" behavior="0" />
      <RootComponent type="1" schemaName="pharma_quotatarget" behavior="0" />
      <RootComponent type="1" schemaName="pharma_salesopportunitiestocommissions" behavior="0" />
      <RootComponent type="1" schemaName="pharma_salesrep" behavior="0" />
      <RootComponent type="1" schemaName="pharma_samplerequest" behavior="0" />
      <RootComponent type="1" schemaName="pharma_supplier" behavior="0" />
      <RootComponent type="1" schemaName="pharma_territory" behavior="0" />
      <RootComponent type="1" schemaName="phonecall" behavior="2" />
      <RootComponent type="1" schemaName="recurringappointmentmaster" behavior="2" />
      <RootComponent type="1" schemaName="syncerror" behavior="2" />
      <RootComponent type="1" schemaName="systemuser" behavior="1" />
      <RootComponent type="1" schemaName="task" behavior="2" />
      <RootComponent type="9" schemaName="pharma_accountstatus" behavior="0" />
      <RootComponent type="9" schemaName="pharma_accounttype" behavior="0" />
      <RootComponent type="9" schemaName="pharma_approvalstatus" behavior="0" />
      <RootComponent type="9" schemaName="pharma_iskeycontact" behavior="0" />
      <RootComponent type="9" schemaName="pharma_orderstatus" behavior="0" />
      <RootComponent type="9" schemaName="pharma_paymentterms" behavior="0" />
      <RootComponent type="9" schemaName="pharma_pharmasegment" behavior="0" />
      <RootComponent type="9" schemaName="pharma_productcategory" behavior="0" />
      <RootComponent type="9" schemaName="pharma_region" behavior="0" />
      <RootComponent type="9" schemaName="pharma_role" behavior="0" />
      <RootComponent type="9" schemaName="pharma_speciality" behavior="0" />
      <RootComponent type="9" schemaName="pharma_tierlevel" behavior="0" />
      <RootComponent type="9" schemaName="pharma_transactiontype" behavior="0" />
      <RootComponent type="29" id="{02f75470-310f-f111-8406-7ced8d7608a8}" behavior="0" />
      <RootComponent type="29" id="{09b78ebd-4efc-f011-8406-002248a08132}" behavior="0" />
      <RootComponent type="29" id="{25eb97d3-3e07-f111-8406-002248a2149c}" behavior="0" />
      <RootComponent type="29" id="{378ddcdc-320f-f111-8406-7ced8d7608a8}" behavior="0" />
      <RootComponent type="29" id="{4ce109c9-970d-f111-8406-7ced8d7608a8}" behavior="0" />
      <RootComponent type="29" id="{6cb3232e-320f-f111-8406-7ced8d7608a8}" behavior="0" />
      <RootComponent type="29" id="{9d2af397-5dff-f011-8406-7c1e5220c199}" behavior="0" />
      <RootComponent type="29" id="{a95dcc5a-5800-f111-8406-000d3ab8539d}" behavior="0" />
      <RootComponent type="61" schemaName="pharma_retire_batch" behavior="0" />
      <RootComponent type="61" schemaName="pharma_togglePOLineSubgrid" behavior="0" />
      <RootComponent type="62" schemaName="pharma_PharmaTrack" behavior="0" />
    </RootComponents>
    <MissingDependencies>
      <MissingDependency>
        <Required type="1" schemaName="adx_externalidentity" displayName="External Identity" solution="PowerPages_RuntimeCore (1.0.2509.1)">
          <package appName="Power Pages Core Package" version="1.1.2510.212">PowerPages_Core (1.1.2510.212)</package>
        </Required>
        <Dependent type="1" schemaName="adx_externalidentity" displayName="External Identity" />
      </MissingDependency>
      <MissingDependency>
        <Required type="1" schemaName="adx_invitation" displayName="Invitation" solution="PowerPages_RuntimeCore (1.0.2509.1)">
          <package appName="Power Pages Core Package" version="1.1.2510.212">PowerPages_Core (1.1.2510.212)</package>
        </Required>
        <Dependent type="1" schemaName="adx_invitation" displayName="Invitation" />
      </MissingDependency>
      <MissingDependency>
        <Required type="1" schemaName="adx_inviteredemption" displayName="Invite Redemption" solution="PowerPages_RuntimeCore (1.0.2509.1)">
          <package appName="Power Pages Core Package" version="1.1.2510.212">PowerPages_Core (1.1.2510.212)</package>
        </Required>
        <Dependent type="1" schemaName="adx_inviteredemption" displayName="Invite Redemption" />
      </MissingDependency>
      <MissingDependency>
        <Required type="1" schemaName="adx_inviteredemption" displayName="Invite Redemption" solution="PowerPages_RuntimeCore (1.0.2509.1)">
          <package appName="Power Pages Core Package" version="1.1.2510.212">PowerPages_Core (1.1.2510.212)</package>
        </Required>
        <Dependent type="2" schemaName="regardingobjectid" displayName="Regarding" parentSchemaName="adx_inviteredemption" parentDisplayName="Invite Redemption" />
      </MissingDependency>
      <MissingDependency>
        <Required type="1" schemaName="adx_webformsession" displayName="Multistep Form Session" solution="PowerPages_RuntimeCore (1.0.2509.1)">
          <package appName="Power Pages Core Package" version="1.1.2510.212">PowerPages_Core (1.1.2510.212)</package>
        </Required>
        <Dependent type="1" schemaName="adx_webformsession" displayName="Multistep Form Session" />
      </MissingDependency>
      <MissingDependency>
        <Required type="1" schemaName="chat" displayName="Teams chat" solution="msdynce_ActivitiesPatch (9.0.26014.260122001)">
          <package appName="msdynce_Activities" version="9.0.26014.260122001">msdynce_EnableUCIByDefault (9.0.26014.260122001)</package>
        </Required>
        <Dependent type="1" schemaName="chat" displayName="Teams chat" />
      </MissingDependency>
      <MissingDependency>
        <Required type="10" schemaName="msa_account_managingpartner" displayName="msa_account_managingpartner" parentSchemaName="account" parentDisplayName="Account" solution="PowerPages_RuntimeCoreDependencies (1.0.2305.1)">
          <package appName="Power Pages Core Package" version="1.1.2510.212">PowerPages_Core (1.1.2510.212)</package>
        </Required>
        <Dependent type="10" schemaName="msa_account_managingpartner" displayName="msa_account_managingpartner" parentSchemaName="account" parentDisplayName="Account" />
      </MissingDependency>
      <MissingDependency>
        <Required type="10" schemaName="adx_contact_externalidentity" displayName="adx_contact_externalidentity" parentSchemaName="contact" parentDisplayName="Contact" solution="PowerPages_RuntimeCore (1.0.2509.1)">
          <package appName="Power Pages Core Package" version="1.1.2510.212">PowerPages_Core (1.1.2510.212)</package>
        </Required>
        <Dependent type="10" schemaName="adx_contact_externalidentity" displayName="adx_contact_externalidentity" parentSchemaName="contact" parentDisplayName="Contact" />
      </MissingDependency>
      <MissingDependency>
        <Required type="10" schemaName="adx_invitation_invitecontact" displayName="adx_invitation_invitecontact" parentSchemaName="contact" parentDisplayName="Contact" solution="PowerPages_RuntimeCore (1.0.2509.1)">
          <package appName="Power Pages Core Package" version="1.1.2510.212">PowerPages_Core (1.1.2510.212)</package>
        </Required>
        <Dependent type="10" schemaName="adx_invitation_invitecontact" displayName="adx_invitation_invitecontact" parentSchemaName="contact" parentDisplayName="Contact" />
      </MissingDependency>
      <MissingDependency>
        <Required type="10" schemaName="adx_invitation_invitercontact" displayName="adx_invitation_invitercontact" parentSchemaName="contact" parentDisplayName="Contact" solution="PowerPages_RuntimeCore (1.0.2509.1)">
          <package appName="Power Pages Core Package" version="1.1.2510.212">PowerPages_Core (1.1.2510.212)</package>
        </Required>
        <Dependent type="10" schemaName="adx_invitation_invitercontact" displayName="adx_invitation_invitercontact" parentSchemaName="contact" parentDisplayName="Contact" />
      </MissingDependency>
      <MissingDependency>
        <Required type="10" schemaName="adx_invitation_redeemedContact" displayName="adx_invitation_redeemedContact" parentSchemaName="contact" parentDisplayName="Contact" solution="PowerPages_RuntimeCore (1.0.2509.1)">
          <package appName="Power Pages Core Package" version="1.1.2510.212">PowerPages_Core (1.1.2510.212)</package>
        </Required>
        <Dependent type="10" schemaName="adx_invitation_redeemedContact" displayName="adx_invitation_redeemedContact" parentSchemaName="contact" parentDisplayName="Contact" />
      </MissingDependency>
      <MissingDependency>
        <Required type="10" schemaName="adx_webformsession_contact" displayName="adx_webformsession_contact" parentSchemaName="contact" parentDisplayName="Contact" solution="PowerPages_RuntimeCore (1.0.2509.1)">
          <package appName="Power Pages Core Package" version="1.1.2510.212">PowerPages_Core (1.1.2510.212)</package>
        </Required>
        <Dependent type="10" schemaName="adx_webformsession_contact" displayName="adx_webformsession_contact" parentSchemaName="contact" parentDisplayName="Contact" />
      </MissingDependency>
      <MissingDependency>
        <Required type="2" schemaName="adx_createdbyipaddress" displayName="Created By (IP Address)" parentSchemaName="account" parentDisplayName="Account" solution="PowerPages_RuntimeCoreDependencies (1.0.2305.1)">
          <package appName="Power Pages Core Package" version="1.1.2510.212">PowerPages_Core (1.1.2510.212)</package>
        </Required>
        <Dependent type="2" schemaName="adx_createdbyipaddress" displayName="Created By (IP Address)" parentSchemaName="account" parentDisplayName="Account" />
      </MissingDependency>
      <MissingDependency>
        <Required type="2" schemaName="adx_createdbyusername" displayName="Created By (User Name)" parentSchemaName="account" parentDisplayName="Account" solution="PowerPages_RuntimeCoreDependencies (1.0.2305.1)">
          <package appName="Power Pages Core Package" version="1.1.2510.212">PowerPages_Core (1.1.2510.212)</package>
        </Required>
        <Dependent type="2" schemaName="adx_createdbyusername" displayName="Created By (User Name)" parentSchemaName="account" parentDisplayName="Account" />
      </MissingDependency>
      <MissingDependency>
        <Required type="2" schemaName="msa_managingpartnerid" displayName="Managing Partner" parentSchemaName="account" parentDisplayName="Account" solution="PowerPages_RuntimeCoreDependencies (1.0.2305.1)">
          <package appName="Power Pages Core Package" version="1.1.2510.212">PowerPages_Core (1.1.2510.212)</package>
        </Required>
        <Dependent type="2" schemaName="msa_managingpartnerid" displayName="Managing Partner" parentSchemaName="account" parentDisplayName="Account" />
      </MissingDependency>
      <MissingDependency>
        <Required type="2" schemaName="adx_contactid" displayName="Contact" parentSchemaName="adx_externalidentity" parentDisplayName="External Identity" solution="PowerPages_RuntimeCore (1.0.2509.1)">
          <package appName="Power Pages Core Package" version="1.1.2510.212">PowerPages_Core (1.1.2510.212)</package>
        </Required>
        <Dependent type="2" schemaName="adx_contactid" displayName="Contact" parentSchemaName="adx_externalidentity" parentDisplayName="External Identity" />
      </MissingDependency>
      <MissingDependency>
        <Required type="2" schemaName="adx_invitecontact" displayName="Invite Contact" parentSchemaName="adx_invitation" parentDisplayName="Invitation" solution="PowerPages_RuntimeCore (1.0.2509.1)">
          <package appName="Power Pages Core Package" version="1.1.2510.212">PowerPages_Core (1.1.2510.212)</package>
        </Required>
        <Dependent type="2" schemaName="adx_invitecontact" displayName="Invite Contact" parentSchemaName="adx_invitation" parentDisplayName="Invitation" />
      </MissingDependency>
      <MissingDependency>
        <Required type="2" schemaName="adx_invitercontact" displayName="Inviter" parentSchemaName="adx_invitation" parentDisplayName="Invitation" solution="PowerPages_RuntimeCore (1.0.2509.1)">
          <package appName="Power Pages Core Package" version="1.1.2510.212">PowerPages_Core (1.1.2510.212)</package>
        </Required>
        <Dependent type="2" schemaName="adx_invitercontact" displayName="Inviter" parentSchemaName="adx_invitation" parentDisplayName="Invitation" />
      </MissingDependency>
      <MissingDependency>
        <Required type="2" schemaName="adx_redeemedcontact" displayName="Redeemed Contact" parentSchemaName="adx_invitation" parentDisplayName="Invitation" solution="PowerPages_RuntimeCore (1.0.2509.1)">
          <package appName="Power Pages Core Package" version="1.1.2510.212">PowerPages_Core (1.1.2510.212)</package>
        </Required>
        <Dependent type="2" schemaName="adx_redeemedcontact" displayName="Redeemed Contact" parentSchemaName="adx_invitation" parentDisplayName="Invitation" />
      </MissingDependency>
      <MissingDependency>
        <Required type="2" schemaName="adx_contact" displayName="Contact" parentSchemaName="adx_webformsession" parentDisplayName="Multistep Form Session" solution="PowerPages_RuntimeCore (1.0.2509.1)">
          <package appName="Power Pages Core Package" version="1.1.2510.212">PowerPages_Core (1.1.2510.212)</package>
        </Required>
        <Dependent type="2" schemaName="adx_contact" displayName="Contact" parentSchemaName="adx_webformsession" parentDisplayName="Multistep Form Session" />
      </MissingDependency>
      <MissingDependency>
        <Required type="2" schemaName="regardingobjectid" displayName="Regarding" parentSchemaName="chat" parentDisplayName="Teams chat" solution="msdynce_ActivitiesPatch (9.0.26014.260122001)">
          <package appName="msdynce_Activities" version="9.0.26014.260122001">msdynce_EnableUCIByDefault (9.0.26014.260122001)</package>
        </Required>
        <Dependent type="2" schemaName="regardingobjectid" displayName="Regarding" parentSchemaName="chat" parentDisplayName="Teams chat" />
      </MissingDependency>
      <MissingDependency>
        <Required type="66" schemaName="Microsoft.PowerApps.PowerAppsOneGrid" displayName="Microsoft.PowerApps.PowerAppsOneGrid" solution="BaseCustomControlsCore (9.0.2601.4009)">
          <package appName="Base Custom Controls" version="9.0.2601.4009">BaseCustomControlsCore (9.0.2601.4009)</package>
        </Required>
        <Dependent type="26" schemaName="Active PurchaseOrders" displayName="Active PurchaseOrders" parentSchemaName="pharma_purchaseorder" parentDisplayName="PurchaseOrder" id="{1e47f310-3df2-4189-987b-223cd1c2ead1}" />
      </MissingDependency>
      <MissingDependency>
        <Required type="appaction" displayName="msdyn_Mscrm.Form.contact.Activate!contact!0" solution="msdyn_SystemAppActions (9.1.0.57)" id.uniquename="msdyn_Mscrm.Form.contact.Activate!contact!0">
          <package appName="PowerAppsActions Package" version="9.1.0.57">PowerAppsActions_Anchor (9.1.0.57)</package>
        </Required>
        <Dependent type="appaction" displayName="msdyn_Mscrm.Form.contact.Activate!contact!0" id.uniquename="msdyn_Mscrm.Form.contact.Activate!contact!0" />
      </MissingDependency>
      <MissingDependency>
        <Required type="appaction" displayName="msdyn_Mscrm.Form.contact.Deactivate!contact!0" solution="msdyn_SystemAppActions (9.1.0.57)" id.uniquename="msdyn_Mscrm.Form.contact.Deactivate!contact!0">
          <package appName="PowerAppsActions Package" version="9.1.0.57">PowerAppsActions_Anchor (9.1.0.57)</package>
        </Required>
        <Dependent type="appaction" displayName="msdyn_Mscrm.Form.contact.Deactivate!contact!0" id.uniquename="msdyn_Mscrm.Form.contact.Deactivate!contact!0" />
      </MissingDependency>
      <MissingDependency>
        <Required type="appaction" displayName="msdyn_Mscrm.Form.contact.Delete!contact!0" solution="msdyn_SystemAppActions (9.1.0.57)" id.uniquename="msdyn_Mscrm.Form.contact.Delete!contact!0">
          <package appName="PowerAppsActions Package" version="9.1.0.57">PowerAppsActions_Anchor (9.1.0.57)</package>
        </Required>
        <Dependent type="appaction" displayName="msdyn_Mscrm.Form.contact.Delete!contact!0" id.uniquename="msdyn_Mscrm.Form.contact.Delete!contact!0" />
      </MissingDependency>
    </MissingDependencies>
  </SolutionManifest>
</ImportExportXml>